-- phpMyAdmin SQL Dump
-- version 4.6.5.2
-- https://www.phpmyadmin.net/
--
-- Host: 127.0.0.1
-- Generation Time: Dec 03, 2018 at 08:13 PM
-- Server version: 10.1.21-MariaDB
-- PHP Version: 5.6.30

SET SQL_MODE = "NO_AUTO_VALUE_ON_ZERO";
SET time_zone = "+00:00";


/*!40101 SET @OLD_CHARACTER_SET_CLIENT=@@CHARACTER_SET_CLIENT */;
/*!40101 SET @OLD_CHARACTER_SET_RESULTS=@@CHARACTER_SET_RESULTS */;
/*!40101 SET @OLD_COLLATION_CONNECTION=@@COLLATION_CONNECTION */;
/*!40101 SET NAMES utf8mb4 */;

--
-- Database: `dmscreen`
--
CREATE DATABASE IF NOT EXISTS `dmscreen` DEFAULT CHARACTER SET utf8 COLLATE utf8_general_ci;
USE `dmscreen`;

-- --------------------------------------------------------

--
-- Table structure for table `game`
--

DROP TABLE IF EXISTS `game`;
CREATE TABLE `game` (
  `id` int(11) NOT NULL,
  `dm_id` int(11) NOT NULL,
  `game_name` varchar(50) NOT NULL,
  `last_accessed` timestamp NULL DEFAULT CURRENT_TIMESTAMP
) ENGINE=InnoDB DEFAULT CHARSET=utf8;

--
-- Dumping data for table `game`
--

INSERT INTO `game` (`id`, `dm_id`, `game_name`, `last_accessed`) VALUES
(1, 1, 'Abyss Watchers', '2018-11-13 16:08:53'),
(2, 2, 'Call of Cthulhu', '2018-11-13 16:08:53'),
(3, 1, 'Dragon Slayers', '2018-11-13 16:35:37');

-- --------------------------------------------------------

--
-- Table structure for table `login`
--

DROP TABLE IF EXISTS `login`;
CREATE TABLE `login` (
  `id` int(11) NOT NULL,
  `email` varchar(255) NOT NULL,
  `password` varchar(255) NOT NULL
) ENGINE=InnoDB DEFAULT CHARSET=utf8;

--
-- Dumping data for table `login`
--

INSERT INTO `login` (`id`, `email`, `password`) VALUES
(1, 'jim@gmail.com', '$2y$10$/e0ojF0k7mQKcRRGecba7e5qb8PAr6C3FmpZz7yEbuAebIXlDMSka'),
(2, 'john@gmail.com', '$2y$10$f38W.Dtl7W1AIGZ54VAw9uG8JrYiEjuCxkP7CQmdj4/Y3tcfM6VH.');

-- --------------------------------------------------------

--
-- Table structure for table `monster`
--

DROP TABLE IF EXISTS `monster`;
CREATE TABLE `monster` (
  `id` int(11) NOT NULL,
  `name` varchar(255) NOT NULL,
  `type` varchar(255) NOT NULL
) ENGINE=InnoDB DEFAULT CHARSET=utf8 ROW_FORMAT=COMPACT;

--
-- Dumping data for table `monster`
--

INSERT INTO `monster` (`id`, `name`, `type`) VALUES
(1, 'Aarakocra', 'Humanoid'),
(2, 'Abjurer', 'Humanoid'),
(3, 'Aboleth', 'Aberration'),
(4, 'Abominable Yeti', 'Monstrosity'),
(5, 'Abyssal Wretch', 'Fiend (Demon)'),
(6, 'Acolyte', 'Humanoid'),
(7, 'Adult Kruthik', 'Monstrosity'),
(8, 'Adult Oblex', 'Ooze'),
(9, 'Air Elemental', 'Elemental'),
(10, 'Air Elemental Myrmidon', 'Elemental'),
(11, 'Alhoon', 'Undead'),
(12, 'Alkilith', 'Fiend (Demon)'),
(13, 'Allip', 'Undead'),
(14, 'Allosaurus', 'Beast'),
(15, 'Amnizu', 'Fiend (Devil)'),
(16, 'Androsphinx', 'Monstrosity'),
(17, 'Animated Armor', 'Construct'),
(18, 'Ankheg', 'Monstrosity'),
(19, 'Ankylosaurus', 'Beast'),
(20, 'Annis Hag', 'Fey'),
(21, 'Ape', 'Beast'),
(22, 'Apprentice Wizard', 'Humanoid'),
(23, 'Arcanaloth', 'Fiend'),
(24, 'Archdruid', 'Humanoid'),
(25, 'Archer', 'Humanoid'),
(26, 'Archmage', 'Humanoid'),
(27, 'Armanite', 'Fiend (Demon)'),
(28, 'Assassin', 'Humanoid'),
(29, 'Astral Dreadnought', 'Monstrosity'),
(30, 'Aurochs', 'Beast'),
(31, 'Autumn Eladrin', 'Fey'),
(32, 'Awakened Shrub', 'Plant'),
(33, 'Awakened Tree', 'Plant'),
(34, 'Axe Beak', 'Beast'),
(35, 'Azer', 'Elemental'),
(36, 'Babau', 'Fiend (Demon)'),
(37, 'Baboon', 'Beast'),
(38, 'Badger', 'Beast'),
(39, 'Bael', 'Fiend (Devil)'),
(40, 'Balhannoth', 'Aberration'),
(41, 'Balor', 'Fiend (Demon)'),
(42, 'Banderhobb', 'Monstrosity'),
(43, 'Bandit', 'Humanoid'),
(44, 'Bandit Captain', 'Humanoid'),
(45, 'Banshee', 'Undead'),
(46, 'Baphomet', 'Fiend (Demon)'),
(47, 'Barbed Devil', 'Fiend (Devil)'),
(48, 'Bard', 'Humanoid'),
(49, 'Bargheist', 'Fiend'),
(50, 'Barlgura', 'Fiend (Demon)'),
(51, 'Basilisk', 'Monstrosity'),
(52, 'Bat', 'Beast'),
(53, 'Bearded Devil', 'Fiend (Devil)'),
(54, 'Behir', 'Monstrosity'),
(55, 'Beholder', 'Aberration'),
(56, 'Beholder Zombie', 'Undead'),
(57, 'Berbalang', 'Aberration'),
(58, 'Berserker', 'Humanoid'),
(59, 'Bheur Hag', 'Fey'),
(60, 'Black Abishai', 'Fiend (Devil)'),
(61, 'Black Bear', 'Beast'),
(62, 'Black Dragon, Adult', 'Dragon'),
(63, 'Black Dragon, Ancient', 'Dragon'),
(64, 'Black Dragon, Wyrmling', 'Dragon'),
(65, 'Black Dragon, Young', 'Dragon'),
(66, 'Black Pudding', 'Ooze'),
(67, 'Blackguard', 'Humanoid'),
(68, 'Blink Dog', 'Fey'),
(69, 'Blood Hawk', 'Beast'),
(70, 'Blue Abishai', 'Fiend (Devil)'),
(71, 'Blue Dragon, Adult', 'Dragon'),
(72, 'Blue Dragon, Ancient', 'Dragon'),
(73, 'Blue Dragon, Wyrmling', 'Dragon'),
(74, 'Blue Dragon, Young', 'Dragon'),
(75, 'Blue Slaad', 'Aberration'),
(76, 'Boar', 'Beast'),
(77, 'Bodak', 'Undead'),
(78, 'Boggle', 'Fey'),
(79, 'Bone Devil', 'Fiend (Devil)'),
(80, 'Bone Naga', 'Undead'),
(81, 'Boneclaw', 'Undead'),
(82, 'Brass Dragon, Adult', 'Dragon'),
(83, 'Brass Dragon, Ancient', 'Dragon'),
(84, 'Brass Dragon, Wyrmling', 'Dragon'),
(85, 'Brass Dragon, Young', 'Dragon'),
(86, 'Brontosaurus', 'Beast'),
(87, 'Bronze Dragon, Adult', 'Dragon'),
(88, 'Bronze Dragon, Ancient', 'Dragon'),
(89, 'Bronze Dragon, Wyrmling', 'Dragon'),
(90, 'Bronze Dragon, Young', 'Dragon'),
(91, 'Bronze Scout', 'Construct'),
(92, 'Brown Bear', 'Beast'),
(93, 'Bugbear', 'Humanoid'),
(94, 'Bugbear Chief', 'Humanoid'),
(95, 'Bulette', 'Monstrosity'),
(96, 'Bulezau', 'Fiend (Demon)'),
(97, 'Bullywug', 'Humanoid'),
(98, 'Cadaver Collecter', 'Construct'),
(99, 'Cambion', 'Fiend'),
(100, 'Camel', 'Beast'),
(101, 'Canoloth', 'Fiend'),
(102, 'Carrion Crawler', 'Monstrosity'),
(103, 'Cat', 'Beast'),
(104, 'Catoblepas', 'Monstrosity'),
(105, 'Cave Fisher', 'Monstrosity'),
(106, 'Centaur', 'Monstrosity'),
(107, 'Chain Devil', 'Fiend (Devil)'),
(108, 'Champion', 'Humanoid'),
(109, 'Chasme', 'Fiend (Demon)'),
(110, 'Chimera', 'Monstrosity'),
(111, 'Chitine', 'Monstrosity'),
(112, 'Choker', 'Aberration'),
(113, 'Choldrith', 'Monstrosity'),
(114, 'Chuul', 'Aberration'),
(115, 'Clay Golem', 'Construct'),
(116, 'Cloaker', 'Aberration'),
(117, 'Cloud Giant', 'Giant'),
(118, 'Cloud Giant Smiling One', 'Giant'),
(119, 'Cockatrice', 'Monstrosity'),
(120, 'Commoner', 'Humanoid'),
(121, 'Conjurer', 'Humanoid'),
(122, 'Constrictor Snake', 'Beast'),
(123, 'Copper Dragon, Adult', 'Dragon'),
(124, 'Copper Dragon, Ancient', 'Dragon'),
(125, 'Copper Dragon, Wyrmling', 'Dragon'),
(126, 'Copper Dragon, Young', 'Dragon'),
(127, 'Corpse Flower', 'Plant'),
(128, 'Couatl', 'Celestial'),
(129, 'Cow', 'Beast'),
(130, 'Crab', 'Beast'),
(131, 'Cranium Rat', 'Beast'),
(132, 'Crawling Claw', 'Undead'),
(133, 'Crocodile', 'Beast'),
(134, 'Cult Fanatic', 'Humanoid'),
(135, 'Cultist', 'Humanoid'),
(136, 'Cyclops', 'Giant'),
(137, 'Dao', 'Elemental'),
(138, 'Darkling', 'Fey'),
(139, 'Darkling Elder', 'Fey'),
(140, 'Darkmantle', 'Monstrosity'),
(141, 'Death Dog', 'Monstrosity'),
(142, 'Death Kiss', 'Aberration'),
(143, 'Death Knight', 'Undead'),
(144, 'Death Slaad', 'Aberration'),
(145, 'Death Tyrant', 'Undead'),
(146, 'Deathlock', 'Undead'),
(147, 'Deathlock Mastermind', 'Undead'),
(148, 'Deathlock Wight', 'Undead'),
(149, 'Deep Scion', 'Humanoid'),
(150, 'Deer', 'Beast'),
(151, 'Deinoychus', 'Beast'),
(152, 'Demilich', 'Undead'),
(153, 'Demogorgon', 'Fiend (Demon)'),
(154, 'Derro', 'Humanoid'),
(155, 'Derro Savant', 'Humanoid'),
(156, 'Deva', 'Celestial'),
(157, 'Devourer', 'Fiend'),
(158, 'Dhergoloth', 'Fiend'),
(159, 'Dimetrodon', 'Beast'),
(160, 'Dire Troll', 'Giant '),
(161, 'Dire Wolf', 'Beast'),
(162, 'Displacer Beast', 'Monstrosity'),
(163, 'Diviner', 'Humanoid'),
(164, 'Djinni', 'Elemental'),
(165, 'Dolphin', 'Beast'),
(166, 'Doppelganger', 'Monstrosity'),
(167, 'Dracolich', 'Undead'),
(168, 'Draegloth', 'Fiend (Demon)'),
(169, 'Draft Horse', 'Beast'),
(170, 'Dragon Turtle', 'Dragon'),
(171, 'Dretch', 'Fiend (Demon)'),
(172, 'Drider', 'Monstrosity'),
(173, 'Drow', 'Humanoid'),
(174, 'Drow Arachnomancer', 'Humanoid'),
(175, 'Drow Elite Warrior', 'Humanoid'),
(176, 'Drow Favored Consort', 'Humanoid'),
(177, 'Drow House Captain', 'Humanoid'),
(178, 'Drow Inquisitor', 'Humanoid'),
(179, 'Drow Mage', 'Humanoid'),
(180, 'Drow Matron Mother', 'Humanoid'),
(181, 'Drow Priestess of Lolth', 'Humanoid'),
(182, 'Drow Shadowblade', 'Humanoid'),
(183, 'Druid', 'Humanoid'),
(184, 'Dryad', 'Fey'),
(185, 'Duergar', 'Humanoid'),
(186, 'Duergar Despot', 'Humanoid'),
(187, 'Duergar Hammerer', 'Construct'),
(188, 'Duergar Kavalrachni', 'Humanoid'),
(189, 'Duergar Mind Master', 'Humanoid'),
(190, 'Duergar Screamer', 'Construct'),
(191, 'Duergar Soulblade', 'Humanoid'),
(192, 'Duergar Stone Guard', 'Humanoid'),
(193, 'Duergar Warlord', 'Humanoid'),
(194, 'Duergar Xarrorn', 'Humanoid'),
(195, 'Duodrone', 'Construct'),
(196, 'Dust Mephit', 'Elemental'),
(197, 'Dybbuk', 'Fiend (Demon)'),
(198, 'Eagle', 'Beast'),
(199, 'Earth Elemental', 'Elemental'),
(200, 'Earth Elemental Myrmidon', 'Elemental'),
(201, 'Efreeti', 'Elemental'),
(202, 'Eidolon', 'Undead'),
(203, 'Elder Brain', 'Aberration'),
(204, 'Elder Oblex', 'Ooze'),
(205, 'Elder Tempest', 'Elemental'),
(206, 'Elephant', 'Beast'),
(207, 'Elk', 'Beast'),
(208, 'Empyrean', 'Celestial'),
(209, 'Enchanter', 'Humanoid'),
(210, 'Erinyes', 'Fiend (Devil)'),
(211, 'Ettercap', 'Monstrosity'),
(212, 'Ettin', 'Giant'),
(213, 'Evoker', 'Humanoid'),
(214, 'Faerie Dragon', 'Dragon'),
(215, 'Female Steeder', 'Monstrosity'),
(216, 'Fire Elemental', 'Elemental'),
(217, 'Fire Elemental Myrmidon', 'Elemental'),
(218, 'Fire Giant', 'Giant'),
(219, 'Fire Giant Dreadnought', 'Giant'),
(220, 'Fire Snake', 'Elemental'),
(221, 'Firenewt Warlock of Imix', 'Humanoid'),
(222, 'Firenewt Warrior', 'Humanoid'),
(223, 'Flail Snail', 'Elemental'),
(224, 'Flameskull', 'Undead'),
(225, 'Flesh Golem', 'Construct'),
(226, 'Flind', 'Humanoid'),
(227, 'Flumph', 'Aberration'),
(228, 'Flying Snake', 'Beast'),
(229, 'Flying Sword', 'Construct'),
(230, 'Fomorian', 'Giant'),
(231, 'Fraz-Urb\'luu', 'Fiend (Demon)'),
(232, 'Frog', 'Beast'),
(233, 'Froghemoth', 'Monstrosity'),
(234, 'Frost Giant', 'Giant'),
(235, 'Frost Giant Everlasting One', 'Giant'),
(236, 'Frost Salamander', 'Elemental'),
(237, 'Galeb Duhr', 'Elemental'),
(238, 'Gargoyle', 'Elemental'),
(239, 'Gas Spore', 'Plant'),
(240, 'Gauth', 'Aberration'),
(241, 'Gazer', 'Aberration'),
(242, 'Gelatinous Cube', 'Ooze'),
(243, 'Geryon', 'Fiend (Devil)'),
(244, 'Ghast', 'Undead'),
(245, 'Ghost', 'Undead'),
(246, 'Ghoul', 'Undead'),
(247, 'Giant Ape', 'Beast'),
(248, 'Giant Badger', 'Beast'),
(249, 'Giant Bat', 'Beast'),
(250, 'Giant Boar', 'Beast'),
(251, 'Giant Centipede', 'Beast'),
(252, 'Giant Constrictor Snake', 'Beast'),
(253, 'Giant Crab', 'Beast'),
(254, 'Giant Crocodile', 'Beast'),
(255, 'Giant Eagle', 'Beast'),
(256, 'Giant Elk', 'Beast'),
(257, 'Giant Fire Beetle', 'Beast'),
(258, 'Giant Frog', 'Beast'),
(259, 'Giant Goat', 'Beast'),
(260, 'Giant Hyena', 'Beast'),
(261, 'Giant Lizard', 'Beast'),
(262, 'Giant Octopus', 'Beast'),
(263, 'Giant Owl', 'Beast'),
(264, 'Giant Poisonous Snake', 'Beast'),
(265, 'Giant Rat', 'Beast'),
(266, 'Giant Scorpion', 'Beast'),
(267, 'Giant Sea Horse', 'Beast'),
(268, 'Giant Shark', 'Beast'),
(269, 'Giant Spider', 'Beast'),
(270, 'Giant Strider', 'Monstrosity'),
(271, 'Giant Toad', 'Beast'),
(272, 'Giant Vulture', 'Beast'),
(273, 'Giant Wasp', 'Beast'),
(274, 'Giant Weasel', 'Beast'),
(275, 'Giant Wolf Spider', 'Beast'),
(276, 'Gibbering Mouther', 'Aberration'),
(277, 'Giff', 'Humanoid'),
(278, 'Girallon', 'Monstrosity'),
(279, 'Githyanki Gish', 'Humanoid'),
(280, 'Githyanki Kith\'rak', 'Humanoid'),
(281, 'Githyanki Knight', 'Humanoid'),
(282, 'Githyanki Supreme Commander', 'Humanoid'),
(283, 'Githyanki Warrior', 'Humanoid'),
(284, 'Githzerai Anarch', 'Humanoid'),
(285, 'Githzerai Enlightened', 'Humanoid'),
(286, 'Githzerai Monk', 'Humanoid'),
(287, 'Githzerai Zerth', 'Humanoid'),
(288, 'Glabrezu', 'Fiend (Demon)'),
(289, 'Gladiator', 'Humanoid'),
(290, 'Gloom Weaver', 'Humanoid'),
(291, 'Gnoll', 'Humanoid'),
(292, 'Gnoll Fang of Yeenoghu', 'Humanoid'),
(293, 'Gnoll Flesh Gnawer', 'Humanoid'),
(294, 'Gnoll Hunter', 'Humanoid'),
(295, 'Gnoll Pack Lord', 'Humanoid'),
(296, 'Gnoll Witherling', 'Undead'),
(297, 'Gnome, Deep (Svirfneblin)', 'Humanoid'),
(298, 'Goat', 'Beast'),
(299, 'Goblin', 'Humanoid'),
(300, 'Goblin Boss', 'Humanoid'),
(301, 'Gold Dragon, Adult', 'Dragon'),
(302, 'Gold Dragon, Ancient', 'Dragon'),
(303, 'Gold Dragon, Wyrmling', 'Dragon'),
(304, 'Gold Dragon, Young', 'Dragon'),
(305, 'Gorgon', 'Construct'),
(306, 'Goristro', 'Fiend (Demon)'),
(307, 'Gray Ooze', 'Ooze'),
(308, 'Gray Render', 'Monstrosity'),
(309, 'Gray Slaad', 'Aberration'),
(310, 'Graz\'zt', 'Fiend (Demon)'),
(311, 'Green Abishai', 'Fiend (Devil)'),
(312, 'Green Dragon, Adult', 'Dragon'),
(313, 'Green Dragon, Ancient', 'Dragon'),
(314, 'Green Dragon, Wyrmling', 'Dragon'),
(315, 'Green Dragon, Young', 'Dragon'),
(316, 'Green Hag', 'Fey'),
(317, 'Green Slaad', 'Aberration'),
(318, 'Grell', 'Aberration'),
(319, 'Grick', 'Monstrosity'),
(320, 'Grick Alpha', 'Monstrosity'),
(321, 'Griffon', 'Monstrosity'),
(322, 'Grimlock', 'Humanoid'),
(323, 'Grung', 'Humanoid'),
(324, 'Grung Elite Warrior', 'Humanoid'),
(325, 'Grung Wildling', 'Humanoid'),
(326, 'Guard', 'Humanoid'),
(327, 'Guard Drake', 'Dragon'),
(328, 'Guardian Naga', 'Monstrosity'),
(329, 'Gynosphinx', 'Monstrosity'),
(330, 'Hadrosaurus', 'Beast'),
(331, 'Half Ogre', 'Giant'),
(332, 'Half-Red Dragon Veteran', 'Humanoid'),
(333, 'Harpy', 'Monstrosity'),
(334, 'Hawk', 'Beast'),
(335, 'Hell Hound', 'Fiend'),
(336, 'Hellfire Engine', 'Construct'),
(337, 'Helmed Horror', 'Construct'),
(338, 'Hezrou', 'Fiend (Demon)'),
(339, 'Hill Giant', 'Giant'),
(340, 'Hippogriff', 'Monstrosity'),
(341, 'Hobgoblin', 'Humanoid'),
(342, 'Hobgoblin Captain', 'Humanoid'),
(343, 'Hobgoblin Devastor', 'Humanoid'),
(344, 'Hobgoblin Iron Shadow', 'Humanoid'),
(345, 'Hobgoblin Warlord', 'Humanoid'),
(346, 'Homunculus', 'Construct'),
(347, 'Hook Horror', 'Monstrosity'),
(348, 'Horned Devil', 'Fiend (Devil)'),
(349, 'Howler', 'Fiend'),
(350, 'Hunter Shark', 'Beast'),
(351, 'Hutijin', 'Fiend (Devil)'),
(352, 'Hydra', 'Monstrosity'),
(353, 'Hydroloth', 'Fiend'),
(354, 'Hyena', 'Beast'),
(355, 'Ice Devil', 'Fiend (Devil)'),
(356, 'Ice Mephit', 'Elemental'),
(357, 'Illusionist', 'Humanoid'),
(358, 'Imp', 'Fiend (Devil)'),
(359, 'Intellect Devourer', 'Aberration'),
(360, 'Invisible Stalker', 'Elemental'),
(361, 'Iron Cobra', 'Construct'),
(362, 'Iron Golem', 'Construct'),
(363, 'Jackal', 'Beast'),
(364, 'Jackalwere', 'Humanoid'),
(365, 'Juiblex', 'Fiend (Demon)'),
(366, 'Kenku', 'Humanoid'),
(367, 'Ki-rin', 'Celestial'),
(368, 'Killer Whale', 'Beast'),
(369, 'Knight', 'Humanoid'),
(370, 'Kobold', 'Humanoid'),
(371, 'Kobold Dragonshield', 'Humanoid'),
(372, 'Kobold Inventor', 'Humanoid'),
(373, 'Kobold Scale Sorcerer', 'Humanoid'),
(374, 'Korred', 'Fey'),
(375, 'Kraken', 'Monstrosity'),
(376, 'Kraken Priest', 'Humanoid'),
(377, 'Kruthik Hive Lord', 'Monstrosity'),
(378, 'Kuo-Toa', 'Humanoid'),
(379, 'Kuo-Toa Archpriest', 'Humanoid'),
(380, 'Kuo-Toa Whip', 'Humanoid'),
(381, 'Lamia', 'Monstrosity'),
(382, 'Lemure', 'Fiend (Devil)'),
(383, 'Leucrotta', 'Monstrosity'),
(384, 'Leviathan', 'Elemental'),
(385, 'Lich', 'Undead'),
(386, 'Lion', 'Beast'),
(387, 'Lizard', 'Beast'),
(388, 'Lizard King/Queen', 'Humanoid'),
(389, 'Lizardfolk', 'Humanoid'),
(390, 'Lizardfolk Shaman', 'Humanoid'),
(391, 'Mage', 'Humanoid'),
(392, 'Magma Mephit', 'Elemental'),
(393, 'Magmin', 'Elemental'),
(394, 'Male Steeder', 'Monstrosity'),
(395, 'Mammoth', 'Beast'),
(396, 'Manes', 'Fiend (Demon)'),
(397, 'Manticore', 'Monstrosity'),
(398, 'Marid', 'Elemental'),
(399, 'Marilith', 'Fiend (Demon)'),
(400, 'Martial Arts Adept', 'Humanoid'),
(401, 'Marut', 'Construct'),
(402, 'Master Thief', 'Humanoid'),
(403, 'Mastiff', 'Beast'),
(404, 'Maurezhi', 'Fiend (Demon)'),
(405, 'Maw Demon', 'Fiend (Demon)'),
(406, 'Meazel', 'Humanoid'),
(407, 'Medusa', 'Monstrosity'),
(408, 'Meenlock', 'Fey'),
(409, 'Merfolk', 'Humanoid'),
(410, 'Merregon', 'Fiend (Devil)'),
(411, 'Merrenoloth', 'Fiend'),
(412, 'Merrow', 'Monstrosity'),
(413, 'Mezzoloth', 'Fiend'),
(414, 'Mimic', 'Monstrosity'),
(415, 'Mind Flayer', 'Aberration'),
(416, 'Mindwitness', 'Aberration'),
(417, 'Minotaur', 'Monstrosity'),
(418, 'Minotaur Skeleton', 'Undead'),
(419, 'Moloch', 'Fiend (Devil)'),
(420, 'Molydeus', 'Fiend (Demon)'),
(421, 'Monodrone', 'Construct'),
(422, 'Morkoth', 'Aberration'),
(423, 'Mouth of Grolantor', 'Giant'),
(424, 'Mud Mephit', 'Elemental'),
(425, 'Mule', 'Beast'),
(426, 'Mummy', 'Undead'),
(427, 'Mummy Lord', 'Undead'),
(428, 'Myconid Adult', 'Plant'),
(429, 'Myconid Sovereign', 'Plant'),
(430, 'Myconid Sprout', 'Plant'),
(431, 'Nabassu', 'Fiend (Demon)'),
(432, 'Nagpa', 'Humanoid'),
(433, 'Nalfeshnee', 'Fiend (Demon)'),
(434, 'Narzugon', 'Fiend (Devil)'),
(435, 'Necromancer', 'Humanoid'),
(436, 'Needle Blight', 'Plant'),
(437, 'Neogi', 'Aberration'),
(438, 'Neogi Hatchling', 'Aberration'),
(439, 'Neogi Master', 'Aberration'),
(440, 'Neothelid', 'Aberration'),
(441, 'Night Hag', 'Fiend'),
(442, 'Nightmare', 'Fiend'),
(443, 'Nightwalker', 'Undead'),
(444, 'Nilbog', 'Humanoid'),
(445, 'Noble', 'Humanoid'),
(446, 'Nothic', 'Aberration'),
(447, 'Nupperibo', 'Fiend (Devil)'),
(448, 'Nycaloth', 'Fiend'),
(449, 'Oaken Bolter', 'Construct'),
(450, 'Oblex Spawn', 'Ooze'),
(451, 'Ochre Jelly', 'Ooze'),
(452, 'Octopus', 'Beast'),
(453, 'Ogre', 'Giant'),
(454, 'Ogre Battering Ram', 'Giant'),
(455, 'Ogre Bolt Launcher', 'Giant'),
(456, 'Ogre Chain Brute', 'Giant'),
(457, 'Ogre Howdah', 'Giant'),
(458, 'Ogre Zombie', 'Undead'),
(459, 'Oinoloth', 'Fiend'),
(460, 'Oni', 'Giant'),
(461, 'Orc', 'Humanoid'),
(462, 'Orc Blade of Ilneval', 'Humanoid'),
(463, 'Orc Claw of Luthic', 'Humanoid'),
(464, 'Orc Eye of Gruumsh', 'Humanoid'),
(465, 'Orc Hand of Yurtrus', 'Humanoid'),
(466, 'Orc Nurtured One of Yurtrus', 'Humanoid'),
(467, 'Orc Red Fang of Shargaas', 'Humanoid'),
(468, 'Orc War Chief', 'Humanoid'),
(469, 'Orcus', 'Fiend (Demon)'),
(470, 'Orog', 'Humanoid'),
(471, 'Orthon', 'Fiend (Devil)'),
(472, 'Otyugh', 'Aberration'),
(473, 'Owl', 'Beast'),
(474, 'Owlbear', 'Monstrosity'),
(475, 'Panther', 'Beast'),
(476, 'Pegasus', 'Celestial'),
(477, 'Pentadrone', 'Construct'),
(478, 'Peryton', 'Monstrosity'),
(479, 'Phase Spider', 'Monstrosity'),
(480, 'Phoenix', 'Elemental'),
(481, 'Piercer', 'Monstrosity'),
(482, 'Pit Fiend', 'Fiend (Devil)'),
(483, 'Pixie', 'Fey'),
(484, 'Planetar', 'Celestial'),
(485, 'Plesiosaurus', 'Beast'),
(486, 'Poisonous Snake', 'Beast'),
(487, 'Polar Bear', 'Beast'),
(488, 'Pony', 'Beast'),
(489, 'Priest', 'Humanoid'),
(490, 'Pseudodragon', 'Dragon'),
(491, 'Pteranodon', 'Beast'),
(492, 'Purple Worm', 'Monstrosity'),
(493, 'Quadrone', 'Construct'),
(494, 'Quaggoth', 'Humanoid'),
(495, 'Quaggoth Spore Servant', 'Plant'),
(496, 'Quasit', 'Fiend (Demon)'),
(497, 'Quetzalcoatlus', 'Beast'),
(498, 'Quickling', 'Fey'),
(499, 'Quipper', 'Beast'),
(500, 'Rakshasa', 'Fiend'),
(501, 'Rat', 'Beast'),
(502, 'Raven', 'Beast'),
(503, 'Red Abishai', 'Fiend (Devil)'),
(504, 'Red Dragon, Adult', 'Dragon'),
(505, 'Red Dragon, Ancient', 'Dragon'),
(506, 'Red Dragon, Wyrmling', 'Dragon'),
(507, 'Red Dragon, Young', 'Dragon'),
(508, 'Red Slaad', 'Aberration'),
(509, 'Redcap', 'Fey'),
(510, 'Reef Shark', 'Beast'),
(511, 'Remorhaz', 'Monstrosity'),
(512, 'Retriever', 'Construct'),
(513, 'Revenant', 'Undead'),
(514, 'Rhinoceros', 'Beast'),
(515, 'Riding Horse', 'Beast'),
(516, 'Roc', 'Monstrosity'),
(517, 'Roper', 'Monstrosity'),
(518, 'Rot Troll', 'Giant'),
(519, 'Rug of Smothering', 'Construct'),
(520, 'Rust Monster', 'Monstrosity'),
(521, 'Rutterkin', 'Fiend (Demon)'),
(522, 'Saber-Toothed Tiger', 'Beast'),
(523, 'Sacred Statue', 'Construct'),
(524, 'Sahuagin', 'Humanoid'),
(525, 'Sahuagin Baron', 'Humanoid'),
(526, 'Sahuagin Priestess', 'Humanoid'),
(527, 'Salamander', 'Elemental'),
(528, 'Satyr', 'Fey'),
(529, 'Scarecrow', 'Construct'),
(530, 'Scorpion', 'Beast'),
(531, 'Scout', 'Humanoid'),
(532, 'Sea Hag', 'Fey'),
(533, 'Sea Horse', 'Beast'),
(534, 'Sea Spawn', 'Humanoid'),
(535, 'Shadow', 'Undead'),
(536, 'Shadow Dancer', 'Humanoid'),
(537, 'Shadow Demon', 'Fiend (Demon)'),
(538, 'Shadow Dragon', 'Dragon'),
(539, 'Shadow Mastiff', 'Monstrosity'),
(540, 'Shambling Mound', 'Plant'),
(541, 'Shield Guardian', 'Construct'),
(542, 'Shoosuva', 'Fiend (Demon)'),
(543, 'Shrieker', 'Plant'),
(544, 'Sibriex', 'Fiend (Demon)'),
(545, 'Silver Dragon, Adult', 'Dragon'),
(546, 'Silver Dragon, Ancient', 'Dragon'),
(547, 'Silver Dragon, Wyrmling', 'Dragon'),
(548, 'Silver Dragon, Young', 'Dragon'),
(549, 'Skeleton', 'Undead'),
(550, 'Skulk', 'Humanoid'),
(551, 'Skull Lord', 'Undead'),
(552, 'Slaad Tadpole', 'Aberration'),
(553, 'Slithering Tracker', 'Ooze'),
(554, 'Smoke Mephit', 'Elemental'),
(555, 'Solar', 'Celestial'),
(556, 'Soul Monger', 'Humanoid'),
(557, 'Spawn of Kyuss', 'Undead'),
(558, 'Spectator', 'Aberration'),
(559, 'Specter', 'Undead'),
(560, 'Spider', 'Beast'),
(561, 'Spined Devil', 'Fiend (Devil)'),
(562, 'Spirit Naga', 'Monstrosity'),
(563, 'Spirit Troll', 'Giant'),
(564, 'Spring Eladrin', 'Fey'),
(565, 'Sprite', 'Fey'),
(566, 'Spy', 'Humanoid'),
(567, 'Star Spawn Grue', 'Aberration'),
(568, 'Star Spawn Hulk', 'Aberration'),
(569, 'Star Spawn Larva Mage', 'Aberration'),
(570, 'Star Spawn Mangler', 'Aberration'),
(571, 'Star Spawn Seer', 'Aberration'),
(572, 'Steam Mephit', 'Elemental'),
(573, 'Steel Predator', 'Construct'),
(574, 'Stegosaurus', 'Beast'),
(575, 'Stirge', 'Beast'),
(576, 'Stone Cursed', 'Construct'),
(577, 'Stone Defender', 'Construct'),
(578, 'Stone Giant', 'Giant'),
(579, 'Stone Giant Dreamwalker', 'Giant'),
(580, 'Stone Golem', 'Construct'),
(581, 'Storm Giant', 'Giant'),
(582, 'Storm Giant Quintessent', 'Giant'),
(583, 'Succubus/Incubus', 'Fiend'),
(584, 'Summer Eladrin', 'Fey'),
(585, 'Swarm of Bats', 'Beast'),
(586, 'Swarm of Cranium Rats', 'Beast'),
(587, 'Swarm of Insects', 'Beast'),
(588, 'Swarm of Poisonous Snakes', 'Beast'),
(589, 'Swarm of Quippers', 'Beast'),
(590, 'Swarm of Rats', 'Beast'),
(591, 'Swarm of Ravens', 'Beast'),
(592, 'Swarm of Rot Grubs', 'Beast'),
(593, 'Swashbuckler', 'Humanoid'),
(594, 'Sword Wraith Commander', 'Undead'),
(595, 'Sword Wraith Warrior', 'Undead'),
(596, 'Tanarukk', 'Fiend (demon)'),
(597, 'Tarrasque', 'Monstrosity'),
(598, 'The Angry', 'Monstrosity'),
(599, 'The Hungry', 'Monstrosity'),
(600, 'The Lonely', 'Monstrosity'),
(601, 'The Lost', 'Monstrosity'),
(602, 'The Wretched', 'Monstrosity'),
(603, 'Thorny', 'Plant'),
(604, 'Thri-Kreen', 'Humanoid'),
(605, 'Thug', 'Humanoid'),
(606, 'Tiger', 'Beast'),
(607, 'Titivilus', 'Fiend (Devil)'),
(608, 'Tlingcalli', 'Monstrosity'),
(609, 'Tortle', 'Humanoid'),
(610, 'Tortle Druid', 'Humanoid'),
(611, 'Transmuter', 'Humanoid'),
(612, 'Trapper', 'Monstrosity'),
(613, 'Treant', 'Plant'),
(614, 'Tribal Warrior', 'Humanoid'),
(615, 'Triceratops', 'Beast'),
(616, 'Tridrone', 'Construct'),
(617, 'Troglodyte', 'Humanoid'),
(618, 'Troll', 'Giant'),
(619, 'Twig Blight', 'Plant'),
(620, 'Tyrannosaurus Rex', 'Beast'),
(621, 'Ulitharid', 'Aberration'),
(622, 'Ultroloth', 'Fiend'),
(623, 'Umber Hulk', 'Monstrosity'),
(624, 'Unicorn', 'Celestial'),
(625, 'Vampire', 'Undead'),
(626, 'Vampire Spawn', 'Undead'),
(627, 'Vampiric Mist', 'Undead'),
(628, 'Vargouille', 'Fiend'),
(629, 'Vegepygmy', 'Plant'),
(630, 'Vegepygmy Chief', 'Plant'),
(631, 'Velociraptor', 'Beast'),
(632, 'Venom Troll', 'Giant'),
(633, 'Veteran', 'Humanoid'),
(634, 'Vine Blight', 'Plant'),
(635, 'Violet Fungus', 'Plant'),
(636, 'Vrock', 'Fiend (Demon)'),
(637, 'Vulture', 'Beast'),
(638, 'War Priest', 'Humanoid'),
(639, 'Warhorse', 'Beast'),
(640, 'Warhorse Skeleton', 'Undead'),
(641, 'Warlock of the Archfey', 'Humanoid'),
(642, 'Warlock of the Fiend', 'Humanoid'),
(643, 'Warlock of the Great Old One', 'Humanoid'),
(644, 'Warlord', 'Humanoid'),
(645, 'Wastrilith', 'Fiend (Demon)'),
(646, 'Water Elemental', 'Elemental'),
(647, 'Water Elemental Myrmidon', 'Elemental'),
(648, 'Water Weird', 'Elemental'),
(649, 'Weasel', 'Beast'),
(650, 'Werebear', 'Humanoid'),
(651, 'Wereboar', 'Humanoid'),
(652, 'Wererat', 'Humanoid'),
(653, 'Weretiger', 'Humanoid'),
(654, 'Werewolf', 'Humanoid'),
(655, 'White Abishai', 'Fiend (Devil)'),
(656, 'White Dragon, Adult', 'Dragon'),
(657, 'White Dragon, Ancient', 'Dragon'),
(658, 'White Dragon, Wyrmling', 'Dragon'),
(659, 'White Dragon, Young', 'Dragon'),
(660, 'Wight', 'Undead'),
(661, 'Will-O\'-Wisp', 'Undead'),
(662, 'Winged Kobold', 'Humanoid'),
(663, 'Winter Eladrin', 'Fey'),
(664, 'Winter Wolf', 'Monstrosity'),
(665, 'Wolf', 'Beast'),
(666, 'Wood Woad', 'Plant'),
(667, 'Worg', 'Monstrosity'),
(668, 'Wraith', 'Undead'),
(669, 'Wyvern', 'Dragon'),
(670, 'Xorn', 'Elemental'),
(671, 'Xvart', 'Humanoid'),
(672, 'Xvart Warlock of Raxivort', 'Humanoid'),
(673, 'Yagnoloth', 'Fiend'),
(674, 'Yeenoghu', 'Fiend (Demon)'),
(675, 'Yeth Hound', 'Fey'),
(676, 'Yeti', 'Monstrosity'),
(677, 'Yochlol', 'Fiend (Demon)'),
(678, 'Young Kruthik', 'Monstrosity'),
(679, 'Young Remorhaz', 'Monstrosity'),
(680, 'Yuan-Ti Abomination', 'Monstrosity'),
(681, 'Yuan-ti Anathema', 'Monstrosity'),
(682, 'Yuan-ti Broodguard', 'Humanoid'),
(683, 'Yuan-Ti Malison', 'Monstrosity'),
(684, 'Yuan-ti Mind Whisperer', 'Monstrosity'),
(685, 'Yuan-ti Nightmare Speaker', 'Monstrosity'),
(686, 'Yuan-ti Pit Master', 'Monstrosity'),
(687, 'Yuan-Ti Pureblood', 'Monstrosity'),
(688, 'Zaratan', 'Elemental'),
(689, 'Zariel', 'Fiend (Devil)'),
(690, 'Zombie', 'Undead'),
(691, 'Zuggtmoy', 'Fiend (Demon)');

-- --------------------------------------------------------

--
-- Table structure for table `monster_ability`
--

DROP TABLE IF EXISTS `monster_ability`;
CREATE TABLE `monster_ability` (
  `id` int(11) NOT NULL,
  `monster_id` int(11) NOT NULL,
  `ability_name` varchar(1000) NOT NULL,
  `ability_description` varchar(1000) NOT NULL
) ENGINE=InnoDB DEFAULT CHARSET=utf8;

--
-- Dumping data for table `monster_ability`
--

INSERT INTO `monster_ability` (`id`, `monster_id`, `ability_name`, `ability_description`) VALUES
(1, 1, 'Dive Attack', 'If the aarakocra is flying and dives at least 30 ft. straight toward a target and then hits it with a melee weapon attack, the attack deals an extra 3 (1d6) damage to the target.'),
(2, 2, '', ''),
(3, 3, '', ''),
(4, 4, '', ''),
(5, 5, '', ''),
(6, 6, '', ''),
(7, 7, '', ''),
(8, 8, '', ''),
(9, 9, '', ''),
(10, 10, '', ''),
(11, 11, '', ''),
(12, 12, '', ''),
(13, 13, '', ''),
(14, 14, '', ''),
(15, 15, '', ''),
(16, 16, '', ''),
(17, 17, '', ''),
(18, 18, '', ''),
(19, 19, '', ''),
(20, 20, '', ''),
(21, 21, '', ''),
(22, 22, '', ''),
(23, 23, '', ''),
(24, 24, '', ''),
(25, 25, '', ''),
(26, 26, '', ''),
(27, 27, '', ''),
(28, 28, '', ''),
(29, 29, '', ''),
(30, 30, '', ''),
(31, 31, '', ''),
(32, 32, '', ''),
(33, 33, '', ''),
(34, 34, '', ''),
(35, 35, '', ''),
(36, 36, '', ''),
(37, 37, '', ''),
(38, 38, '', ''),
(39, 39, '', ''),
(40, 40, '', ''),
(41, 41, '', ''),
(42, 42, '', ''),
(43, 43, '', ''),
(44, 44, '', ''),
(45, 45, '', ''),
(46, 46, '', ''),
(47, 47, '', ''),
(48, 48, '', ''),
(49, 49, '', ''),
(50, 50, '', ''),
(51, 51, '', ''),
(52, 52, '', ''),
(53, 53, '', ''),
(54, 54, '', ''),
(55, 55, '', ''),
(56, 56, '', ''),
(57, 57, '', ''),
(58, 58, '', ''),
(59, 59, '', ''),
(60, 60, '', ''),
(61, 61, '', ''),
(62, 62, '', ''),
(63, 63, '', ''),
(64, 64, '', ''),
(65, 65, '', ''),
(66, 66, '', ''),
(67, 67, '', ''),
(68, 68, '', ''),
(69, 69, '', ''),
(70, 70, '', ''),
(71, 71, '', ''),
(72, 72, '', ''),
(73, 73, '', ''),
(74, 74, '', ''),
(75, 75, '', ''),
(76, 76, '', ''),
(77, 77, '', ''),
(78, 78, '', ''),
(79, 79, '', ''),
(80, 80, '', ''),
(81, 81, '', ''),
(82, 82, '', ''),
(83, 83, '', ''),
(84, 84, '', ''),
(85, 85, '', ''),
(86, 86, '', ''),
(87, 87, '', ''),
(88, 88, '', ''),
(89, 89, '', ''),
(90, 90, '', ''),
(91, 91, '', ''),
(92, 92, '', ''),
(93, 93, '', ''),
(94, 94, '', ''),
(95, 95, '', ''),
(96, 96, '', ''),
(97, 97, '', ''),
(98, 98, '', ''),
(99, 99, '', ''),
(100, 100, '', ''),
(101, 101, '', ''),
(102, 102, '', ''),
(103, 103, '', ''),
(104, 104, '', ''),
(105, 105, '', ''),
(106, 106, '', ''),
(107, 107, '', ''),
(108, 108, '', ''),
(109, 109, '', ''),
(110, 110, '', ''),
(111, 111, '', ''),
(112, 112, '', ''),
(113, 113, '', ''),
(114, 114, '', ''),
(115, 115, '', ''),
(116, 116, '', ''),
(117, 117, '', ''),
(118, 118, '', ''),
(119, 119, '', ''),
(120, 120, '', ''),
(121, 121, '', ''),
(122, 122, '', ''),
(123, 123, '', ''),
(124, 124, '', ''),
(125, 125, '', ''),
(126, 126, '', ''),
(127, 127, '', ''),
(128, 128, '', ''),
(129, 129, '', ''),
(130, 130, '', ''),
(131, 131, '', ''),
(132, 132, '', ''),
(133, 133, '', ''),
(134, 134, '', ''),
(135, 135, '', ''),
(136, 136, '', ''),
(137, 137, '', ''),
(138, 138, '', ''),
(139, 139, '', ''),
(140, 140, '', ''),
(141, 141, '', ''),
(142, 142, '', ''),
(143, 143, '', ''),
(144, 144, '', ''),
(145, 145, '', ''),
(146, 146, '', ''),
(147, 147, '', ''),
(148, 148, '', ''),
(149, 149, '', ''),
(150, 150, '', ''),
(151, 151, '', ''),
(152, 152, '', ''),
(153, 153, '', ''),
(154, 154, '', ''),
(155, 155, '', ''),
(156, 156, '', ''),
(157, 157, '', ''),
(158, 158, '', ''),
(159, 159, '', ''),
(160, 160, '', ''),
(161, 161, '', ''),
(162, 162, '', ''),
(163, 163, '', ''),
(164, 164, '', ''),
(165, 165, '', ''),
(166, 166, '', ''),
(167, 167, '', ''),
(168, 168, '', ''),
(169, 169, '', ''),
(170, 170, '', ''),
(171, 171, '', ''),
(172, 172, '', ''),
(173, 173, '', ''),
(174, 174, '', ''),
(175, 175, '', ''),
(176, 176, '', ''),
(177, 177, '', ''),
(178, 178, '', ''),
(179, 179, '', ''),
(180, 180, '', ''),
(181, 181, '', ''),
(182, 182, '', ''),
(183, 183, '', ''),
(184, 184, '', ''),
(185, 185, '', ''),
(186, 186, '', ''),
(187, 187, '', ''),
(188, 188, '', ''),
(189, 189, '', ''),
(190, 190, '', ''),
(191, 191, '', ''),
(192, 192, '', ''),
(193, 193, '', ''),
(194, 194, '', ''),
(195, 195, '', ''),
(196, 196, '', ''),
(197, 197, '', ''),
(198, 198, '', ''),
(199, 199, '', ''),
(200, 200, '', ''),
(201, 201, '', ''),
(202, 202, '', ''),
(203, 203, '', ''),
(204, 204, '', ''),
(205, 205, '', ''),
(206, 206, '', ''),
(207, 207, '', ''),
(208, 208, '', ''),
(209, 209, '', ''),
(210, 210, '', ''),
(211, 211, '', ''),
(212, 212, '', ''),
(213, 213, '', ''),
(214, 214, '', ''),
(215, 215, '', ''),
(216, 216, '', ''),
(217, 217, '', ''),
(218, 218, '', ''),
(219, 219, '', ''),
(220, 220, '', ''),
(221, 221, '', ''),
(222, 222, '', ''),
(223, 223, '', ''),
(224, 224, '', ''),
(225, 225, '', ''),
(226, 226, '', ''),
(227, 227, '', ''),
(228, 228, '', ''),
(229, 229, '', ''),
(230, 230, '', ''),
(231, 231, '', ''),
(232, 232, '', ''),
(233, 233, '', ''),
(234, 234, '', ''),
(235, 235, '', ''),
(236, 236, '', ''),
(237, 237, '', ''),
(238, 238, '', ''),
(239, 239, '', ''),
(240, 240, '', ''),
(241, 241, '', ''),
(242, 242, '', ''),
(243, 243, '', ''),
(244, 244, '', ''),
(245, 245, '', ''),
(246, 246, '', ''),
(247, 247, '', ''),
(248, 248, '', ''),
(249, 249, '', ''),
(250, 250, '', ''),
(251, 251, '', ''),
(252, 252, '', ''),
(253, 253, '', ''),
(254, 254, '', ''),
(255, 255, '', ''),
(256, 256, '', ''),
(257, 257, '', ''),
(258, 258, '', ''),
(259, 259, '', ''),
(260, 260, '', ''),
(261, 261, '', ''),
(262, 262, '', ''),
(263, 263, '', ''),
(264, 264, '', ''),
(265, 265, '', ''),
(266, 266, '', ''),
(267, 267, '', ''),
(268, 268, '', ''),
(269, 269, '', ''),
(270, 270, '', ''),
(271, 271, '', ''),
(272, 272, '', ''),
(273, 273, '', ''),
(274, 274, '', ''),
(275, 275, '', ''),
(276, 276, '', ''),
(277, 277, '', ''),
(278, 278, '', ''),
(279, 279, '', ''),
(280, 280, '', ''),
(281, 281, '', ''),
(282, 282, '', ''),
(283, 283, '', ''),
(284, 284, '', ''),
(285, 285, '', ''),
(286, 286, '', ''),
(287, 287, '', ''),
(288, 288, '', ''),
(289, 289, '', ''),
(290, 290, '', ''),
(291, 291, '', ''),
(292, 292, '', ''),
(293, 293, '', ''),
(294, 294, '', ''),
(295, 295, '', ''),
(296, 296, '', ''),
(297, 297, '', ''),
(298, 298, '', ''),
(299, 299, '', ''),
(300, 300, '', ''),
(301, 301, '', ''),
(302, 302, '', ''),
(303, 303, '', ''),
(304, 304, '', ''),
(305, 305, '', ''),
(306, 306, '', ''),
(307, 307, '', ''),
(308, 308, '', ''),
(309, 309, '', ''),
(310, 310, '', ''),
(311, 311, '', ''),
(312, 312, '', ''),
(313, 313, '', ''),
(314, 314, '', ''),
(315, 315, '', ''),
(316, 316, '', ''),
(317, 317, '', ''),
(318, 318, '', ''),
(319, 319, '', ''),
(320, 320, '', ''),
(321, 321, '', ''),
(322, 322, '', ''),
(323, 323, '', ''),
(324, 324, '', ''),
(325, 325, '', ''),
(326, 326, '', ''),
(327, 327, '', ''),
(328, 328, '', ''),
(329, 329, '', ''),
(330, 330, '', ''),
(331, 331, '', ''),
(332, 332, '', ''),
(333, 333, '', ''),
(334, 334, '', ''),
(335, 335, '', ''),
(336, 336, '', ''),
(337, 337, '', ''),
(338, 338, '', ''),
(339, 339, '', ''),
(340, 340, '', ''),
(341, 341, '', ''),
(342, 342, '', ''),
(343, 343, '', ''),
(344, 344, '', ''),
(345, 345, '', ''),
(346, 346, '', ''),
(347, 347, '', ''),
(348, 348, '', ''),
(349, 349, '', ''),
(350, 350, '', ''),
(351, 351, '', ''),
(352, 352, '', ''),
(353, 353, '', ''),
(354, 354, '', ''),
(355, 355, '', ''),
(356, 356, '', ''),
(357, 357, '', ''),
(358, 358, '', ''),
(359, 359, '', ''),
(360, 360, '', ''),
(361, 361, '', ''),
(362, 362, '', ''),
(363, 363, '', ''),
(364, 364, '', ''),
(365, 365, '', ''),
(366, 366, '', ''),
(367, 367, '', ''),
(368, 368, '', ''),
(369, 369, '', ''),
(370, 370, '', ''),
(371, 371, '', ''),
(372, 372, '', ''),
(373, 373, '', ''),
(374, 374, '', ''),
(375, 375, '', ''),
(376, 376, '', ''),
(377, 377, '', ''),
(378, 378, '', ''),
(379, 379, '', ''),
(380, 380, '', ''),
(381, 381, '', ''),
(382, 382, '', ''),
(383, 383, '', ''),
(384, 384, '', ''),
(385, 385, '', ''),
(386, 386, '', ''),
(387, 387, '', ''),
(388, 388, '', ''),
(389, 389, '', ''),
(390, 390, '', ''),
(391, 391, '', ''),
(392, 392, '', ''),
(393, 393, '', ''),
(394, 394, '', ''),
(395, 395, '', ''),
(396, 396, '', ''),
(397, 397, '', ''),
(398, 398, '', ''),
(399, 399, '', ''),
(400, 400, '', ''),
(401, 401, '', ''),
(402, 402, '', ''),
(403, 403, '', ''),
(404, 404, '', ''),
(405, 405, '', ''),
(406, 406, '', ''),
(407, 407, '', ''),
(408, 408, '', ''),
(409, 409, '', ''),
(410, 410, '', ''),
(411, 411, '', ''),
(412, 412, '', ''),
(413, 413, '', ''),
(414, 414, '', ''),
(415, 415, '', ''),
(416, 416, '', ''),
(417, 417, '', ''),
(418, 418, '', ''),
(419, 419, '', ''),
(420, 420, '', ''),
(421, 421, '', ''),
(422, 422, '', ''),
(423, 423, '', ''),
(424, 424, '', ''),
(425, 425, '', ''),
(426, 426, '', ''),
(427, 427, '', ''),
(428, 428, '', ''),
(429, 429, '', ''),
(430, 430, '', ''),
(431, 431, '', ''),
(432, 432, '', ''),
(433, 433, '', ''),
(434, 434, '', ''),
(435, 435, '', ''),
(436, 436, '', ''),
(437, 437, '', ''),
(438, 438, '', ''),
(439, 439, '', ''),
(440, 440, '', ''),
(441, 441, '', ''),
(442, 442, '', ''),
(443, 443, '', ''),
(444, 444, '', ''),
(445, 445, '', ''),
(446, 446, '', ''),
(447, 447, '', ''),
(448, 448, '', ''),
(449, 449, '', ''),
(450, 450, '', ''),
(451, 451, '', ''),
(452, 452, '', ''),
(453, 453, '', ''),
(454, 454, '', ''),
(455, 455, '', ''),
(456, 456, '', ''),
(457, 457, '', ''),
(458, 458, '', ''),
(459, 459, '', ''),
(460, 460, '', ''),
(461, 461, '', ''),
(462, 462, '', ''),
(463, 463, '', ''),
(464, 464, '', ''),
(465, 465, '', ''),
(466, 466, '', ''),
(467, 467, '', ''),
(468, 468, '', ''),
(469, 469, '', ''),
(470, 470, '', ''),
(471, 471, '', ''),
(472, 472, '', ''),
(473, 473, '', ''),
(474, 474, '', ''),
(475, 475, '', ''),
(476, 476, '', ''),
(477, 477, '', ''),
(478, 478, '', ''),
(479, 479, '', ''),
(480, 480, '', ''),
(481, 481, '', ''),
(482, 482, '', ''),
(483, 483, '', ''),
(484, 484, '', ''),
(485, 485, '', ''),
(486, 486, '', ''),
(487, 487, '', ''),
(488, 488, '', ''),
(489, 489, '', ''),
(490, 490, '', ''),
(491, 491, '', ''),
(492, 492, '', ''),
(493, 493, '', ''),
(494, 494, '', ''),
(495, 495, '', ''),
(496, 496, '', ''),
(497, 497, '', ''),
(498, 498, '', ''),
(499, 499, '', ''),
(500, 500, '', ''),
(501, 501, '', ''),
(502, 502, '', ''),
(503, 503, '', ''),
(504, 504, '', ''),
(505, 505, 'Legendary Resistance (3/Day)', 'If the dragon fails a saving throw, it can choose to succeed instead.'),
(506, 506, '', ''),
(507, 507, '', ''),
(508, 508, '', ''),
(509, 509, '', ''),
(510, 510, '', ''),
(511, 511, '', ''),
(512, 512, '', ''),
(513, 513, '', ''),
(514, 514, '', ''),
(515, 515, '', ''),
(516, 516, '', ''),
(517, 517, '', ''),
(518, 518, '', ''),
(519, 519, '', ''),
(520, 520, '', ''),
(521, 521, '', ''),
(522, 522, '', ''),
(523, 523, '', ''),
(524, 524, '', ''),
(525, 525, '', ''),
(526, 526, '', ''),
(527, 527, '', ''),
(528, 528, '', ''),
(529, 529, '', ''),
(530, 530, '', ''),
(531, 531, '', ''),
(532, 532, '', ''),
(533, 533, '', ''),
(534, 534, '', ''),
(535, 535, '', ''),
(536, 536, '', ''),
(537, 537, '', ''),
(538, 538, '', ''),
(539, 539, '', ''),
(540, 540, '', ''),
(541, 541, '', ''),
(542, 542, '', ''),
(543, 543, '', ''),
(544, 544, '', ''),
(545, 545, '', ''),
(546, 546, '', ''),
(547, 547, '', ''),
(548, 548, '', ''),
(549, 549, '', ''),
(550, 550, '', ''),
(551, 551, '', ''),
(552, 552, '', ''),
(553, 553, '', ''),
(554, 554, '', ''),
(555, 555, '', ''),
(556, 556, '', ''),
(557, 557, '', ''),
(558, 558, '', ''),
(559, 559, '', ''),
(560, 560, '', ''),
(561, 561, '', ''),
(562, 562, '', ''),
(563, 563, '', ''),
(564, 564, '', ''),
(565, 565, '', ''),
(566, 566, '', ''),
(567, 567, '', ''),
(568, 568, '', ''),
(569, 569, '', ''),
(570, 570, '', ''),
(571, 571, '', ''),
(572, 572, '', ''),
(573, 573, '', ''),
(574, 574, '', ''),
(575, 575, '', ''),
(576, 576, '', ''),
(577, 577, '', ''),
(578, 578, '', ''),
(579, 579, '', ''),
(580, 580, '', ''),
(581, 581, '', ''),
(582, 582, '', ''),
(583, 583, '', ''),
(584, 584, '', ''),
(585, 585, '', ''),
(586, 586, '', ''),
(587, 587, '', ''),
(588, 588, '', ''),
(589, 589, '', ''),
(590, 590, '', ''),
(591, 591, '', ''),
(592, 592, '', ''),
(593, 593, '', ''),
(594, 594, '', ''),
(595, 595, '', ''),
(596, 596, '', ''),
(597, 597, '', ''),
(598, 598, '', ''),
(599, 599, '', ''),
(600, 600, '', ''),
(601, 601, '', ''),
(602, 602, '', ''),
(603, 603, '', ''),
(604, 604, '', ''),
(605, 605, '', ''),
(606, 606, '', ''),
(607, 607, '', ''),
(608, 608, '', ''),
(609, 609, '', ''),
(610, 610, '', ''),
(611, 611, '', ''),
(612, 612, '', ''),
(613, 613, '', ''),
(614, 614, '', ''),
(615, 615, '', ''),
(616, 616, '', ''),
(617, 617, '', ''),
(618, 618, '', ''),
(619, 619, '', ''),
(620, 620, '', ''),
(621, 621, '', ''),
(622, 622, '', ''),
(623, 623, '', ''),
(624, 624, '', ''),
(625, 625, '', ''),
(626, 626, '', ''),
(627, 627, '', ''),
(628, 628, '', ''),
(629, 629, '', ''),
(630, 630, '', ''),
(631, 631, '', ''),
(632, 632, '', ''),
(633, 633, '', ''),
(634, 634, '', ''),
(635, 635, '', ''),
(636, 636, '', ''),
(637, 637, '', ''),
(638, 638, '', ''),
(639, 639, '', ''),
(640, 640, '', ''),
(641, 641, '', ''),
(642, 642, '', ''),
(643, 643, '', ''),
(644, 644, '', ''),
(645, 645, '', ''),
(646, 646, '', ''),
(647, 647, '', ''),
(648, 648, '', ''),
(649, 649, '', ''),
(650, 650, '', ''),
(651, 651, '', ''),
(652, 652, '', ''),
(653, 653, '', ''),
(654, 654, '', ''),
(655, 655, '', ''),
(656, 656, '', ''),
(657, 657, '', ''),
(658, 658, '', ''),
(659, 659, '', ''),
(660, 660, '', ''),
(661, 661, '', ''),
(662, 662, '', ''),
(663, 663, '', ''),
(664, 664, '', ''),
(665, 665, '', ''),
(666, 666, '', ''),
(667, 667, '', ''),
(668, 668, '', ''),
(669, 669, '', ''),
(670, 670, '', ''),
(671, 671, '', ''),
(672, 672, '', ''),
(673, 673, '', ''),
(674, 674, '', ''),
(675, 675, '', ''),
(676, 676, '', ''),
(677, 677, '', ''),
(678, 678, '', ''),
(679, 679, '', ''),
(680, 680, '', ''),
(681, 681, '', ''),
(682, 682, '', ''),
(683, 683, '', ''),
(684, 684, '', ''),
(685, 685, '', ''),
(686, 686, '', ''),
(687, 687, '', ''),
(688, 688, '', ''),
(689, 689, '', ''),
(690, 690, '', ''),
(691, 691, '', '');

-- --------------------------------------------------------

--
-- Table structure for table `monster_actions`
--

DROP TABLE IF EXISTS `monster_actions`;
CREATE TABLE `monster_actions` (
  `id` int(11) NOT NULL,
  `monster_id` int(11) NOT NULL,
  `action_name` varchar(255) NOT NULL,
  `action_type` enum('normal','legendary','lair') NOT NULL,
  `action_description` varchar(1000) NOT NULL
) ENGINE=InnoDB DEFAULT CHARSET=utf8;

--
-- Dumping data for table `monster_actions`
--

INSERT INTO `monster_actions` (`id`, `monster_id`, `action_name`, `action_type`, `action_description`) VALUES
(1, 1, 'Talon', 'normal', 'Melee Weapon Attack: +4 to hit, reach 5 ft., one target. Hit: 4 (1d4 + 2) slashing damage.'),
(2, 1, 'Javelin', 'normal', 'Melee or Ranged Weapon Attack: +4 to hit, reach 5 ft. or range 30/120 ft., one target. Hit: 5 (1d6 + 2) piercing damage.'),
(3, 1, 'Summon Air Elemental', 'normal', 'Five aarakocra within 30 feet of each other can magically summon an air elemental. Each of the five must use its action and movement on three consecutive turns to perform an aerial dance and must maintain concentration while doing so (as if concentrating on a spell). When all five have finished their third turn of the dance, the elemental appears in an unoccupied space within 60 feet of them. It is friendly toward them and obeys their spoken commands. It remains for 1 hour, until it or all its summoners die, or until any of its summoners dismisses it as a bonus action. A summoner can’t perform the dance again until it finishes a short rest. When the elemental returns to the Elemental Plane of Air, any aarakocra within 5 feet of it can return with it.'),
(4, 2, '', 'normal', ''),
(5, 3, '', 'normal', ''),
(6, 4, '', 'normal', ''),
(7, 5, '', 'normal', ''),
(8, 6, '', 'normal', ''),
(9, 7, '', 'normal', ''),
(10, 8, '', 'normal', ''),
(11, 9, '', 'normal', ''),
(12, 10, '', 'normal', ''),
(13, 11, '', 'normal', ''),
(14, 12, '', 'normal', ''),
(15, 13, '', 'normal', ''),
(16, 14, '', 'normal', ''),
(17, 15, '', 'normal', ''),
(18, 16, '', 'normal', ''),
(19, 17, '', 'normal', ''),
(20, 18, '', 'normal', ''),
(21, 19, '', 'normal', ''),
(22, 20, '', 'normal', ''),
(23, 21, '', 'normal', ''),
(24, 22, '', 'normal', ''),
(25, 23, '', 'normal', ''),
(26, 24, '', 'normal', ''),
(27, 25, '', 'normal', ''),
(28, 26, '', 'normal', ''),
(29, 27, '', 'normal', ''),
(30, 28, '', 'normal', ''),
(31, 29, '', 'normal', ''),
(32, 30, '', 'normal', ''),
(33, 31, '', 'normal', ''),
(34, 32, '', 'normal', ''),
(35, 33, '', 'normal', ''),
(36, 34, '', 'normal', ''),
(37, 35, '', 'normal', ''),
(38, 36, '', 'normal', ''),
(39, 37, '', 'normal', ''),
(40, 38, '', 'normal', ''),
(41, 39, '', 'normal', ''),
(42, 40, '', 'normal', ''),
(43, 41, '', 'normal', ''),
(44, 42, '', 'normal', ''),
(45, 43, '', 'normal', ''),
(46, 44, '', 'normal', ''),
(47, 45, '', 'normal', ''),
(48, 46, '', 'normal', ''),
(49, 47, '', 'normal', ''),
(50, 48, '', 'normal', ''),
(51, 49, '', 'normal', ''),
(52, 50, '', 'normal', ''),
(53, 51, '', 'normal', ''),
(54, 52, '', 'normal', ''),
(55, 53, '', 'normal', ''),
(56, 54, '', 'normal', ''),
(57, 55, '', 'normal', ''),
(58, 56, '', 'normal', ''),
(59, 57, '', 'normal', ''),
(60, 58, '', 'normal', ''),
(61, 59, '', 'normal', ''),
(62, 60, '', 'normal', ''),
(63, 61, '', 'normal', ''),
(64, 62, '', 'normal', ''),
(65, 63, '', 'normal', ''),
(66, 64, '', 'normal', ''),
(67, 65, '', 'normal', ''),
(68, 66, '', 'normal', ''),
(69, 67, '', 'normal', ''),
(70, 68, '', 'normal', ''),
(71, 69, '', 'normal', ''),
(72, 70, '', 'normal', ''),
(73, 71, '', 'normal', ''),
(74, 72, '', 'normal', ''),
(75, 73, '', 'normal', ''),
(76, 74, '', 'normal', ''),
(77, 75, '', 'normal', ''),
(78, 76, '', 'normal', ''),
(79, 77, '', 'normal', ''),
(80, 78, '', 'normal', ''),
(81, 79, '', 'normal', ''),
(82, 80, '', 'normal', ''),
(83, 81, '', 'normal', ''),
(84, 82, '', 'normal', ''),
(85, 83, '', 'normal', ''),
(86, 84, '', 'normal', ''),
(87, 85, '', 'normal', ''),
(88, 86, '', 'normal', ''),
(89, 87, '', 'normal', ''),
(90, 88, '', 'normal', ''),
(91, 89, '', 'normal', ''),
(92, 90, '', 'normal', ''),
(93, 91, '', 'normal', ''),
(94, 92, '', 'normal', ''),
(95, 93, '', 'normal', ''),
(96, 94, '', 'normal', ''),
(97, 95, '', 'normal', ''),
(98, 96, '', 'normal', ''),
(99, 97, '', 'normal', ''),
(100, 98, '', 'normal', ''),
(101, 99, '', 'normal', ''),
(102, 100, '', 'normal', ''),
(103, 101, '', 'normal', ''),
(104, 102, '', 'normal', ''),
(105, 103, '', 'normal', ''),
(106, 104, '', 'normal', ''),
(107, 105, '', 'normal', ''),
(108, 106, '', 'normal', ''),
(109, 107, '', 'normal', ''),
(110, 108, '', 'normal', ''),
(111, 109, '', 'normal', ''),
(112, 110, '', 'normal', ''),
(113, 111, '', 'normal', ''),
(114, 112, '', 'normal', ''),
(115, 113, '', 'normal', ''),
(116, 114, '', 'normal', ''),
(117, 115, '', 'normal', ''),
(118, 116, '', 'normal', ''),
(119, 117, '', 'normal', ''),
(120, 118, '', 'normal', ''),
(121, 119, '', 'normal', ''),
(122, 120, '', 'normal', ''),
(123, 121, '', 'normal', ''),
(124, 122, '', 'normal', ''),
(125, 123, '', 'normal', ''),
(126, 124, '', 'normal', ''),
(127, 125, '', 'normal', ''),
(128, 126, '', 'normal', ''),
(129, 127, '', 'normal', ''),
(130, 128, '', 'normal', ''),
(131, 129, '', 'normal', ''),
(132, 130, '', 'normal', ''),
(133, 131, '', 'normal', ''),
(134, 132, '', 'normal', ''),
(135, 133, '', 'normal', ''),
(136, 134, '', 'normal', ''),
(137, 135, '', 'normal', ''),
(138, 136, '', 'normal', ''),
(139, 137, '', 'normal', ''),
(140, 138, '', 'normal', ''),
(141, 139, '', 'normal', ''),
(142, 140, '', 'normal', ''),
(143, 141, '', 'normal', ''),
(144, 142, '', 'normal', ''),
(145, 143, '', 'normal', ''),
(146, 144, '', 'normal', ''),
(147, 145, '', 'normal', ''),
(148, 146, '', 'normal', ''),
(149, 147, '', 'normal', ''),
(150, 148, '', 'normal', ''),
(151, 149, '', 'normal', ''),
(152, 150, '', 'normal', ''),
(153, 151, '', 'normal', ''),
(154, 152, '', 'normal', ''),
(155, 153, '', 'normal', ''),
(156, 154, '', 'normal', ''),
(157, 155, '', 'normal', ''),
(158, 156, '', 'normal', ''),
(159, 157, '', 'normal', ''),
(160, 158, '', 'normal', ''),
(161, 159, '', 'normal', ''),
(162, 160, '', 'normal', ''),
(163, 161, '', 'normal', ''),
(164, 162, '', 'normal', ''),
(165, 163, '', 'normal', ''),
(166, 164, '', 'normal', ''),
(167, 165, '', 'normal', ''),
(168, 166, '', 'normal', ''),
(169, 167, '', 'normal', ''),
(170, 168, '', 'normal', ''),
(171, 169, '', 'normal', ''),
(172, 170, '', 'normal', ''),
(173, 171, '', 'normal', ''),
(174, 172, '', 'normal', ''),
(175, 173, '', 'normal', ''),
(176, 174, '', 'normal', ''),
(177, 175, '', 'normal', ''),
(178, 176, '', 'normal', ''),
(179, 177, '', 'normal', ''),
(180, 178, '', 'normal', ''),
(181, 179, '', 'normal', ''),
(182, 180, '', 'normal', ''),
(183, 181, '', 'normal', ''),
(184, 182, '', 'normal', ''),
(185, 183, '', 'normal', ''),
(186, 184, '', 'normal', ''),
(187, 185, '', 'normal', ''),
(188, 186, '', 'normal', ''),
(189, 187, '', 'normal', ''),
(190, 188, '', 'normal', ''),
(191, 189, '', 'normal', ''),
(192, 190, '', 'normal', ''),
(193, 191, '', 'normal', ''),
(194, 192, '', 'normal', ''),
(195, 193, '', 'normal', ''),
(196, 194, '', 'normal', ''),
(197, 195, '', 'normal', ''),
(198, 196, '', 'normal', ''),
(199, 197, '', 'normal', ''),
(200, 198, '', 'normal', ''),
(201, 199, '', 'normal', ''),
(202, 200, '', 'normal', ''),
(203, 201, '', 'normal', ''),
(204, 202, '', 'normal', ''),
(205, 203, '', 'normal', ''),
(206, 204, '', 'normal', ''),
(207, 205, '', 'normal', ''),
(208, 206, '', 'normal', ''),
(209, 207, '', 'normal', ''),
(210, 208, '', 'normal', ''),
(211, 209, '', 'normal', ''),
(212, 210, '', 'normal', ''),
(213, 211, '', 'normal', ''),
(214, 212, '', 'normal', ''),
(215, 213, '', 'normal', ''),
(216, 214, '', 'normal', ''),
(217, 215, '', 'normal', ''),
(218, 216, '', 'normal', ''),
(219, 217, '', 'normal', ''),
(220, 218, '', 'normal', ''),
(221, 219, '', 'normal', ''),
(222, 220, '', 'normal', ''),
(223, 221, '', 'normal', ''),
(224, 222, '', 'normal', ''),
(225, 223, '', 'normal', ''),
(226, 224, '', 'normal', ''),
(227, 225, '', 'normal', ''),
(228, 226, '', 'normal', ''),
(229, 227, '', 'normal', ''),
(230, 228, '', 'normal', ''),
(231, 229, '', 'normal', ''),
(232, 230, '', 'normal', ''),
(233, 231, '', 'normal', ''),
(234, 232, '', 'normal', ''),
(235, 233, '', 'normal', ''),
(236, 234, '', 'normal', ''),
(237, 235, '', 'normal', ''),
(238, 236, '', 'normal', ''),
(239, 237, '', 'normal', ''),
(240, 238, '', 'normal', ''),
(241, 239, '', 'normal', ''),
(242, 240, '', 'normal', ''),
(243, 241, '', 'normal', ''),
(244, 242, '', 'normal', ''),
(245, 243, '', 'normal', ''),
(246, 244, '', 'normal', ''),
(247, 245, '', 'normal', ''),
(248, 246, '', 'normal', ''),
(249, 247, '', 'normal', ''),
(250, 248, '', 'normal', ''),
(251, 249, '', 'normal', ''),
(252, 250, '', 'normal', ''),
(253, 251, '', 'normal', ''),
(254, 252, '', 'normal', ''),
(255, 253, '', 'normal', ''),
(256, 254, '', 'normal', ''),
(257, 255, '', 'normal', ''),
(258, 256, '', 'normal', ''),
(259, 257, '', 'normal', ''),
(260, 258, '', 'normal', ''),
(261, 259, '', 'normal', ''),
(262, 260, '', 'normal', ''),
(263, 261, '', 'normal', ''),
(264, 262, '', 'normal', ''),
(265, 263, '', 'normal', ''),
(266, 264, '', 'normal', ''),
(267, 265, '', 'normal', ''),
(268, 266, '', 'normal', ''),
(269, 267, '', 'normal', ''),
(270, 268, '', 'normal', ''),
(271, 269, '', 'normal', ''),
(272, 270, '', 'normal', ''),
(273, 271, '', 'normal', ''),
(274, 272, '', 'normal', ''),
(275, 273, '', 'normal', ''),
(276, 274, '', 'normal', ''),
(277, 275, '', 'normal', ''),
(278, 276, '', 'normal', ''),
(279, 277, '', 'normal', ''),
(280, 278, '', 'normal', ''),
(281, 279, '', 'normal', ''),
(282, 280, '', 'normal', ''),
(283, 281, '', 'normal', ''),
(284, 282, '', 'normal', ''),
(285, 283, '', 'normal', ''),
(286, 284, '', 'normal', ''),
(287, 285, '', 'normal', ''),
(288, 286, '', 'normal', ''),
(289, 287, '', 'normal', ''),
(290, 288, '', 'normal', ''),
(291, 289, '', 'normal', ''),
(292, 290, '', 'normal', ''),
(293, 291, '', 'normal', ''),
(294, 292, '', 'normal', ''),
(295, 293, '', 'normal', ''),
(296, 294, '', 'normal', ''),
(297, 295, '', 'normal', ''),
(298, 296, '', 'normal', ''),
(299, 297, '', 'normal', ''),
(300, 298, '', 'normal', ''),
(301, 299, '', 'normal', ''),
(302, 300, '', 'normal', ''),
(303, 301, '', 'normal', ''),
(304, 302, '', 'normal', ''),
(305, 303, '', 'normal', ''),
(306, 304, '', 'normal', ''),
(307, 305, '', 'normal', ''),
(308, 306, '', 'normal', ''),
(309, 307, '', 'normal', ''),
(310, 308, '', 'normal', ''),
(311, 309, '', 'normal', ''),
(312, 310, '', 'normal', ''),
(313, 311, '', 'normal', ''),
(314, 312, '', 'normal', ''),
(315, 313, '', 'normal', ''),
(316, 314, '', 'normal', ''),
(317, 315, '', 'normal', ''),
(318, 316, '', 'normal', ''),
(319, 317, '', 'normal', ''),
(320, 318, '', 'normal', ''),
(321, 319, '', 'normal', ''),
(322, 320, '', 'normal', ''),
(323, 321, '', 'normal', ''),
(324, 322, '', 'normal', ''),
(325, 323, '', 'normal', ''),
(326, 324, '', 'normal', ''),
(327, 325, '', 'normal', ''),
(328, 326, '', 'normal', ''),
(329, 327, '', 'normal', ''),
(330, 328, '', 'normal', ''),
(331, 329, '', 'normal', ''),
(332, 330, '', 'normal', ''),
(333, 331, '', 'normal', ''),
(334, 332, '', 'normal', ''),
(335, 333, '', 'normal', ''),
(336, 334, '', 'normal', ''),
(337, 335, '', 'normal', ''),
(338, 336, '', 'normal', ''),
(339, 337, '', 'normal', ''),
(340, 338, '', 'normal', ''),
(341, 339, '', 'normal', ''),
(342, 340, '', 'normal', ''),
(343, 341, '', 'normal', ''),
(344, 342, '', 'normal', ''),
(345, 343, '', 'normal', ''),
(346, 344, '', 'normal', ''),
(347, 345, '', 'normal', ''),
(348, 346, '', 'normal', ''),
(349, 347, '', 'normal', ''),
(350, 348, '', 'normal', ''),
(351, 349, '', 'normal', ''),
(352, 350, '', 'normal', ''),
(353, 351, '', 'normal', ''),
(354, 352, '', 'normal', ''),
(355, 353, '', 'normal', ''),
(356, 354, '', 'normal', ''),
(357, 355, '', 'normal', ''),
(358, 356, '', 'normal', ''),
(359, 357, '', 'normal', ''),
(360, 358, '', 'normal', ''),
(361, 359, '', 'normal', ''),
(362, 360, '', 'normal', ''),
(363, 361, '', 'normal', ''),
(364, 362, '', 'normal', ''),
(365, 363, '', 'normal', ''),
(366, 364, '', 'normal', ''),
(367, 365, '', 'normal', ''),
(368, 366, '', 'normal', ''),
(369, 367, '', 'normal', ''),
(370, 368, '', 'normal', ''),
(371, 369, '', 'normal', ''),
(372, 370, '', 'normal', ''),
(373, 371, '', 'normal', ''),
(374, 372, '', 'normal', ''),
(375, 373, '', 'normal', ''),
(376, 374, '', 'normal', ''),
(377, 375, '', 'normal', ''),
(378, 376, '', 'normal', ''),
(379, 377, '', 'normal', ''),
(380, 378, '', 'normal', ''),
(381, 379, '', 'normal', ''),
(382, 380, '', 'normal', ''),
(383, 381, '', 'normal', ''),
(384, 382, '', 'normal', ''),
(385, 383, '', 'normal', ''),
(386, 384, '', 'normal', ''),
(387, 385, '', 'normal', ''),
(388, 386, '', 'normal', ''),
(389, 387, '', 'normal', ''),
(390, 388, '', 'normal', ''),
(391, 389, '', 'normal', ''),
(392, 390, '', 'normal', ''),
(393, 391, '', 'normal', ''),
(394, 392, '', 'normal', ''),
(395, 393, '', 'normal', ''),
(396, 394, '', 'normal', ''),
(397, 395, '', 'normal', ''),
(398, 396, '', 'normal', ''),
(399, 397, '', 'normal', ''),
(400, 398, '', 'normal', ''),
(401, 399, '', 'normal', ''),
(402, 400, '', 'normal', ''),
(403, 401, '', 'normal', ''),
(404, 402, '', 'normal', ''),
(405, 403, '', 'normal', ''),
(406, 404, '', 'normal', ''),
(407, 405, '', 'normal', ''),
(408, 406, '', 'normal', ''),
(409, 407, '', 'normal', ''),
(410, 408, '', 'normal', ''),
(411, 409, '', 'normal', ''),
(412, 410, '', 'normal', ''),
(413, 411, '', 'normal', ''),
(414, 412, '', 'normal', ''),
(415, 413, '', 'normal', ''),
(416, 414, '', 'normal', ''),
(417, 415, '', 'normal', ''),
(418, 416, '', 'normal', ''),
(419, 417, '', 'normal', ''),
(420, 418, '', 'normal', ''),
(421, 419, '', 'normal', ''),
(422, 420, '', 'normal', ''),
(423, 421, '', 'normal', ''),
(424, 422, '', 'normal', ''),
(425, 423, '', 'normal', ''),
(426, 424, '', 'normal', ''),
(427, 425, '', 'normal', ''),
(428, 426, '', 'normal', ''),
(429, 427, '', 'normal', ''),
(430, 428, '', 'normal', ''),
(431, 429, '', 'normal', ''),
(432, 430, '', 'normal', ''),
(433, 431, '', 'normal', ''),
(434, 432, '', 'normal', ''),
(435, 433, '', 'normal', ''),
(436, 434, '', 'normal', ''),
(437, 435, '', 'normal', ''),
(438, 436, '', 'normal', ''),
(439, 437, '', 'normal', ''),
(440, 438, '', 'normal', ''),
(441, 439, '', 'normal', ''),
(442, 440, '', 'normal', ''),
(443, 441, '', 'normal', ''),
(444, 442, '', 'normal', ''),
(445, 443, '', 'normal', ''),
(446, 444, '', 'normal', ''),
(447, 445, '', 'normal', ''),
(448, 446, '', 'normal', ''),
(449, 447, '', 'normal', ''),
(450, 448, '', 'normal', ''),
(451, 449, '', 'normal', ''),
(452, 450, '', 'normal', ''),
(453, 451, '', 'normal', ''),
(454, 452, '', 'normal', ''),
(455, 453, '', 'normal', ''),
(456, 454, '', 'normal', ''),
(457, 455, '', 'normal', ''),
(458, 456, '', 'normal', ''),
(459, 457, '', 'normal', ''),
(460, 458, '', 'normal', ''),
(461, 459, '', 'normal', ''),
(462, 460, '', 'normal', ''),
(463, 461, '', 'normal', ''),
(464, 462, '', 'normal', ''),
(465, 463, '', 'normal', ''),
(466, 464, '', 'normal', ''),
(467, 465, '', 'normal', ''),
(468, 466, '', 'normal', ''),
(469, 467, '', 'normal', ''),
(470, 468, '', 'normal', ''),
(471, 469, '', 'normal', ''),
(472, 470, '', 'normal', ''),
(473, 471, '', 'normal', ''),
(474, 472, '', 'normal', ''),
(475, 473, '', 'normal', ''),
(476, 474, '', 'normal', ''),
(477, 475, '', 'normal', ''),
(478, 476, '', 'normal', ''),
(479, 477, '', 'normal', ''),
(480, 478, '', 'normal', ''),
(481, 479, '', 'normal', ''),
(482, 480, '', 'normal', ''),
(483, 481, '', 'normal', ''),
(484, 482, '', 'normal', ''),
(485, 483, '', 'normal', ''),
(486, 484, '', 'normal', ''),
(487, 485, '', 'normal', ''),
(488, 486, '', 'normal', ''),
(489, 487, '', 'normal', ''),
(490, 488, '', 'normal', ''),
(491, 489, '', 'normal', ''),
(492, 490, '', 'normal', ''),
(493, 491, '', 'normal', ''),
(494, 492, '', 'normal', ''),
(495, 493, '', 'normal', ''),
(496, 494, '', 'normal', ''),
(497, 495, '', 'normal', ''),
(498, 496, '', 'normal', ''),
(499, 497, '', 'normal', ''),
(500, 498, '', 'normal', ''),
(501, 499, '', 'normal', ''),
(502, 500, '', 'normal', ''),
(503, 501, '', 'normal', ''),
(504, 502, '', 'normal', ''),
(505, 503, '', 'normal', ''),
(506, 504, '', 'normal', ''),
(507, 505, 'Multiattack', 'normal', 'The dragon can use its Frightful Presence. It then makes three attacks: one with its bite and two with its claws.'),
(508, 506, '', 'normal', ''),
(509, 507, '', 'normal', ''),
(510, 508, '', 'normal', ''),
(511, 509, '', 'normal', ''),
(512, 510, '', 'normal', ''),
(513, 511, '', 'normal', ''),
(514, 512, '', 'normal', ''),
(515, 513, '', 'normal', ''),
(516, 514, '', 'normal', ''),
(517, 515, '', 'normal', ''),
(518, 516, '', 'normal', ''),
(519, 517, '', 'normal', ''),
(520, 518, '', 'normal', ''),
(521, 519, '', 'normal', ''),
(522, 520, '', 'normal', ''),
(523, 521, '', 'normal', ''),
(524, 522, '', 'normal', ''),
(525, 523, '', 'normal', ''),
(526, 524, '', 'normal', ''),
(527, 525, '', 'normal', ''),
(528, 526, '', 'normal', ''),
(529, 527, '', 'normal', ''),
(530, 528, '', 'normal', ''),
(531, 529, '', 'normal', ''),
(532, 530, '', 'normal', ''),
(533, 531, '', 'normal', ''),
(534, 532, '', 'normal', ''),
(535, 533, '', 'normal', ''),
(536, 534, '', 'normal', ''),
(537, 535, '', 'normal', ''),
(538, 536, '', 'normal', ''),
(539, 537, '', 'normal', ''),
(540, 538, '', 'normal', ''),
(541, 539, '', 'normal', ''),
(542, 540, '', 'normal', ''),
(543, 541, '', 'normal', ''),
(544, 542, '', 'normal', ''),
(545, 543, '', 'normal', ''),
(546, 544, '', 'normal', ''),
(547, 545, '', 'normal', ''),
(548, 546, '', 'normal', ''),
(549, 547, '', 'normal', ''),
(550, 548, '', 'normal', ''),
(551, 549, '', 'normal', ''),
(552, 550, '', 'normal', ''),
(553, 551, '', 'normal', ''),
(554, 552, '', 'normal', ''),
(555, 553, '', 'normal', ''),
(556, 554, '', 'normal', ''),
(557, 555, '', 'normal', ''),
(558, 556, '', 'normal', ''),
(559, 557, '', 'normal', ''),
(560, 558, '', 'normal', ''),
(561, 559, '', 'normal', ''),
(562, 560, '', 'normal', ''),
(563, 561, '', 'normal', ''),
(564, 562, '', 'normal', ''),
(565, 563, '', 'normal', ''),
(566, 564, '', 'normal', ''),
(567, 565, '', 'normal', ''),
(568, 566, '', 'normal', ''),
(569, 567, '', 'normal', ''),
(570, 568, '', 'normal', ''),
(571, 569, '', 'normal', ''),
(572, 570, '', 'normal', ''),
(573, 571, '', 'normal', ''),
(574, 572, '', 'normal', ''),
(575, 573, '', 'normal', ''),
(576, 574, '', 'normal', ''),
(577, 575, '', 'normal', ''),
(578, 576, '', 'normal', ''),
(579, 577, '', 'normal', ''),
(580, 578, '', 'normal', ''),
(581, 579, '', 'normal', ''),
(582, 580, '', 'normal', ''),
(583, 581, '', 'normal', ''),
(584, 582, '', 'normal', ''),
(585, 583, '', 'normal', ''),
(586, 584, '', 'normal', ''),
(587, 585, '', 'normal', ''),
(588, 586, '', 'normal', ''),
(589, 587, '', 'normal', ''),
(590, 588, '', 'normal', ''),
(591, 589, '', 'normal', ''),
(592, 590, '', 'normal', ''),
(593, 591, '', 'normal', ''),
(594, 592, '', 'normal', ''),
(595, 593, '', 'normal', ''),
(596, 594, '', 'normal', ''),
(597, 595, '', 'normal', ''),
(598, 596, '', 'normal', ''),
(599, 597, '', 'normal', ''),
(600, 598, '', 'normal', ''),
(601, 599, '', 'normal', ''),
(602, 600, '', 'normal', ''),
(603, 601, '', 'normal', ''),
(604, 602, '', 'normal', ''),
(605, 603, '', 'normal', ''),
(606, 604, '', 'normal', ''),
(607, 605, '', 'normal', ''),
(608, 606, '', 'normal', ''),
(609, 607, '', 'normal', ''),
(610, 608, '', 'normal', ''),
(611, 609, '', 'normal', ''),
(612, 610, '', 'normal', ''),
(613, 611, '', 'normal', ''),
(614, 612, '', 'normal', ''),
(615, 613, '', 'normal', ''),
(616, 614, '', 'normal', ''),
(617, 615, '', 'normal', ''),
(618, 616, '', 'normal', ''),
(619, 617, '', 'normal', ''),
(620, 618, '', 'normal', ''),
(621, 619, '', 'normal', ''),
(622, 620, '', 'normal', ''),
(623, 621, '', 'normal', ''),
(624, 622, '', 'normal', ''),
(625, 623, '', 'normal', ''),
(626, 624, '', 'normal', ''),
(627, 625, '', 'normal', ''),
(628, 626, '', 'normal', ''),
(629, 627, '', 'normal', ''),
(630, 628, '', 'normal', ''),
(631, 629, '', 'normal', ''),
(632, 630, '', 'normal', ''),
(633, 631, '', 'normal', ''),
(634, 632, '', 'normal', ''),
(635, 633, '', 'normal', ''),
(636, 634, '', 'normal', ''),
(637, 635, '', 'normal', ''),
(638, 636, '', 'normal', ''),
(639, 637, '', 'normal', ''),
(640, 638, '', 'normal', ''),
(641, 639, '', 'normal', ''),
(642, 640, '', 'normal', ''),
(643, 641, '', 'normal', ''),
(644, 642, '', 'normal', ''),
(645, 643, '', 'normal', ''),
(646, 644, '', 'normal', ''),
(647, 645, '', 'normal', ''),
(648, 646, '', 'normal', ''),
(649, 647, '', 'normal', ''),
(650, 648, '', 'normal', ''),
(651, 649, '', 'normal', ''),
(652, 650, '', 'normal', ''),
(653, 651, '', 'normal', ''),
(654, 652, '', 'normal', ''),
(655, 653, '', 'normal', ''),
(656, 654, '', 'normal', ''),
(657, 655, '', 'normal', ''),
(658, 656, '', 'normal', ''),
(659, 657, '', 'normal', ''),
(660, 658, '', 'normal', ''),
(661, 659, '', 'normal', ''),
(662, 660, '', 'normal', ''),
(663, 661, '', 'normal', ''),
(664, 662, '', 'normal', ''),
(665, 663, '', 'normal', ''),
(666, 664, '', 'normal', ''),
(667, 665, '', 'normal', ''),
(668, 666, '', 'normal', ''),
(669, 667, '', 'normal', ''),
(670, 668, '', 'normal', ''),
(671, 669, '', 'normal', ''),
(672, 670, '', 'normal', ''),
(673, 671, '', 'normal', ''),
(674, 672, '', 'normal', ''),
(675, 673, '', 'normal', ''),
(676, 674, '', 'normal', ''),
(677, 675, '', 'normal', ''),
(678, 676, '', 'normal', ''),
(679, 677, '', 'normal', ''),
(680, 678, '', 'normal', ''),
(681, 679, '', 'normal', ''),
(682, 680, '', 'normal', ''),
(683, 681, '', 'normal', ''),
(684, 682, '', 'normal', ''),
(685, 683, '', 'normal', ''),
(686, 684, '', 'normal', ''),
(687, 685, '', 'normal', ''),
(688, 686, '', 'normal', ''),
(689, 687, '', 'normal', ''),
(690, 688, '', 'normal', ''),
(691, 689, '', 'normal', ''),
(692, 690, '', 'normal', ''),
(693, 691, '', 'normal', ''),
(694, 505, 'Bite', 'normal', 'Melee Weapon Attack: +17 to hit, reach 15 ft., one target. Hit: (2d10 + 10) piercing damage plus (4d6)fire damage.'),
(695, 505, 'Claw', 'normal', 'Melee Weapon Attack: +17 to hit, reach 10 ft., one target. Hit: (2d6 + 10) slashing damage.'),
(696, 505, 'Tail', 'normal', 'Melee Weapon Attack: +17 to hit, reach 20 ft., one target. Hit: (2d8 + 10) bludgeoning damage.'),
(697, 505, 'Frightful Presence', 'normal', 'Each creature of the dragon\'s choice that is within 120 feet of the dragon and aware of it must succeed on a DC 21 Wisdom saving throw or become frightened for 1 minute. A creature can repeat the saving throw at the end of each of its turns, ending the effect on itself on a success. If a creature\'s saving throw is successful or the effect ends for it, the creature is immune to the dragon\'s Frightful Presence for the next 24 hours.'),
(698, 505, 'Fire Breath (Recharge 5-6)', 'normal', 'The dragon exhales fire in a 90-foot cone. Each creature in that area must make a DC 24 Dexterity saving throw, taking 91 (26d6) fire damage on a failed save, or half as much damage on a successful one.'),
(699, 505, 'Legendary Actions', 'legendary', 'Ancient Red Dragon can take 3 legendary actions, choosing from the options below. Only one legendary action option can be used at a time and only at the end of another creature’s turn. Ancient Red Dragon regains spent legendary actions at the start of their turn.'),
(700, 505, 'Detect', 'legendary', 'The dragon makes a Wisdom (Perception) check.'),
(701, 505, 'Tail Attack', 'legendary', 'The dragon makes a tail attack.'),
(702, 505, 'Wing Attack (Costs 2 Actions)', 'legendary', 'The dragon beats its wings. Each creature within 15 ft. of the dragon must succeed on a DC 25 Dexterity saving throw or take 17 (2d6 + 10) bludgeoning damage and be knocked prone. The dragon can then fly up to half its flying speed.');

-- --------------------------------------------------------

--
-- Table structure for table `monster_info`
--

DROP TABLE IF EXISTS `monster_info`;
CREATE TABLE `monster_info` (
  `id` int(11) NOT NULL,
  `monster_id` int(11) NOT NULL,
  `alignment` varchar(20) NOT NULL,
  `size` varchar(20) NOT NULL,
  `saving_throws` varchar(1000) NOT NULL,
  `skills` varchar(1000) NOT NULL,
  `damage_resistance` varchar(1000) NOT NULL,
  `damage_immunities` varchar(1000) NOT NULL,
  `condition_immunities` varchar(1000) NOT NULL,
  `senses` varchar(1000) NOT NULL,
  `language` varchar(1000) NOT NULL,
  `speed` varchar(255) NOT NULL,
  `challenge_rating` int(11) NOT NULL
) ENGINE=InnoDB DEFAULT CHARSET=utf8;

--
-- Dumping data for table `monster_info`
--

INSERT INTO `monster_info` (`id`, `monster_id`, `alignment`, `size`, `saving_throws`, `skills`, `damage_resistance`, `damage_immunities`, `condition_immunities`, `senses`, `language`, `speed`, `challenge_rating`) VALUES
(1, 1, 'NG', 'Medium', '', 'Perception +5', '', '', '', '', 'Auran, Aarakocra', '20 ft., fly 50 ft', 0),
(2, 2, 'ANY', 'Medium', '', '', '', '', '', '', '', '', 9),
(3, 3, 'LE', 'Large', '', '', '', '', '', '', '', '', 10),
(4, 4, 'CE', 'Huge', '', '', '', '', '', '', '', '', 9),
(5, 5, 'CE', 'Medium', '', '', '', '', '', '', '', '', 0),
(6, 6, 'ANY', 'Medium', '', '', '', '', '', '', '', '', 0),
(7, 7, 'U', 'Medium', '', '', '', '', '', '', '', '', 2),
(8, 8, 'LE', 'Medium', '', '', '', '', '', '', '', '', 5),
(9, 9, 'N', 'Large', '', '', '', '', '', '', '', '', 5),
(10, 10, 'N', 'Medium', '', '', '', '', '', '', '', '', 7),
(11, 11, 'ANY EVIL', 'Medium', '', '', '', '', '', '', '', '', 10),
(12, 12, 'CE', 'Medium', '', '', '', '', '', '', '', '', 11),
(13, 13, 'NE', 'Medium', '', '', '', '', '', '', '', '', 5),
(14, 14, 'U', 'Large', '', '', '', '', '', '', '', '', 2),
(15, 15, 'LE', 'Medium', '', '', '', '', '', '', '', '', 18),
(16, 16, 'LN', 'Large', '', '', '', '', '', '', '', '', 17),
(17, 17, 'U', 'Medium', '', '', '', '', '', '', '', '', 1),
(18, 18, 'U', 'Large', '', '', '', '', '', '', '', '', 2),
(19, 19, 'U', 'Huge', '', '', '', '', '', '', '', '', 3),
(20, 20, 'CE', 'Large', '', '', '', '', '', '', '', '', 6),
(21, 21, 'U', 'Medium', '', '', '', '', '', '', '', '', 1),
(22, 22, 'ANY', 'Medium', '', '', '', '', '', '', '', '', 0),
(23, 23, 'NE', 'Medium', '', '', '', '', '', '', '', '', 12),
(24, 24, 'ANY', 'Medium', '', '', '', '', '', '', '', '', 12),
(25, 25, 'ANY', 'Medium', '', '', '', '', '', '', '', '', 3),
(26, 26, 'ANY', 'Medium', '', '', '', '', '', '', '', '', 12),
(27, 27, 'CE', 'Large', '', '', '', '', '', '', '', '', 7),
(28, 28, 'NOT GOOD', 'Medium', '', '', '', '', '', '', '', '', 8),
(29, 29, 'U', 'Gargantuan', '', '', '', '', '', '', '', '', 21),
(30, 30, 'U', 'Large', '', '', '', '', '', '', '', '', 2),
(31, 31, 'CN', 'Medium', '', '', '', '', '', '', '', '', 10),
(32, 32, 'U', 'Small', '', '', '', '', '', '', '', '', 0),
(33, 33, 'U', 'Huge', '', '', '', '', '', '', '', '', 2),
(34, 34, 'U', 'Large', '', '', '', '', '', '', '', '', 0),
(35, 35, 'LN', 'Medium', '', '', '', '', '', '', '', '', 2),
(36, 36, 'CE', 'Medium', '', '', '', '', '', '', '', '', 4),
(37, 37, 'U', 'Small', '', '', '', '', '', '', '', '', 0),
(38, 38, 'U', 'Tiny', '', '', '', '', '', '', '', '', 0),
(39, 39, 'LE', 'Large', '', '', '', '', '', '', '', '', 19),
(40, 40, 'CE', 'Large', '', '', '', '', '', '', '', '', 11),
(41, 41, 'CE', 'Huge', '', '', '', '', '', '', '', '', 19),
(42, 42, 'NE', 'Large', '', '', '', '', '', '', '', '', 5),
(43, 43, 'NOT LAWFUL', 'Medium', '', '', '', '', '', '', '', '', 0),
(44, 44, 'NOT LAWFUL', 'Medium', '', '', '', '', '', '', '', '', 2),
(45, 45, 'CE', 'Medium', '', '', '', '', '', '', '', '', 4),
(46, 46, 'CE', 'Huge', '', '', '', '', '', '', '', '', 23),
(47, 47, 'LE', 'Medium', '', '', '', '', '', '', '', '', 5),
(48, 48, 'ANY', 'Medium', '', '', '', '', '', '', '', '', 2),
(49, 49, 'NE', 'Large', '', '', '', '', '', '', '', '', 4),
(50, 50, 'CE', 'Large', '', '', '', '', '', '', '', '', 5),
(51, 51, 'U', 'Medium', '', '', '', '', '', '', '', '', 3),
(52, 52, 'U', 'Tiny', '', '', '', '', '', '', '', '', 0),
(53, 53, 'LE', 'Medium', '', '', '', '', '', '', '', '', 3),
(54, 54, 'NE', 'Huge', '', '', '', '', '', '', '', '', 11),
(55, 55, 'LE', 'Large', '', '', '', '', '', '', '', '', 13),
(56, 56, 'NE', 'Large', '', '', '', '', '', '', '', '', 5),
(57, 57, 'NE', 'Medium', '', '', '', '', '', '', '', '', 2),
(58, 58, 'C', 'Medium', '', '', '', '', '', '', '', '', 2),
(59, 59, 'CE', 'Medium', '', '', '', '', '', '', '', '', 7),
(60, 60, 'LE', 'Medium', '', '', '', '', '', '', '', '', 7),
(61, 61, 'U', 'Medium', '', '', '', '', '', '', '', '', 1),
(62, 62, 'CE', 'Huge', '', '', '', '', '', '', '', '', 14),
(63, 63, 'CE', 'Gargantuan', '', '', '', '', '', '', '', '', 21),
(64, 64, 'CE', 'Medium', '', '', '', '', '', '', '', '', 2),
(65, 65, 'CE', 'Large', '', '', '', '', '', '', '', '', 7),
(66, 66, 'U', 'Large', '', '', '', '', '', '', '', '', 4),
(67, 67, 'NOT GOOD', 'Medium', '', '', '', '', '', '', '', '', 8),
(68, 68, 'LG', 'Medium', '', '', '', '', '', '', '', '', 0),
(69, 69, 'U', 'Small', '', '', '', '', '', '', '', '', 0),
(70, 70, 'LE', 'Medium', '', '', '', '', '', '', '', '', 17),
(71, 71, 'LE', 'Huge', '', '', '', '', '', '', '', '', 16),
(72, 72, 'LE', 'Gargantuan', '', '', '', '', '', '', '', '', 23),
(73, 73, 'LE', 'Medium', '', '', '', '', '', '', '', '', 3),
(74, 74, 'LE', 'Large', '', '', '', '', '', '', '', '', 9),
(75, 75, 'CN', 'Large', '', '', '', '', '', '', '', '', 7),
(76, 76, 'U', 'Medium', '', '', '', '', '', '', '', '', 0),
(77, 77, 'CE', 'Medium', '', '', '', '', '', '', '', '', 6),
(78, 78, 'CN', 'Small', '', '', '', '', '', '', '', '', 0),
(79, 79, 'LE', 'Large', '', '', '', '', '', '', '', '', 9),
(80, 80, 'LE', 'Large', '', '', '', '', '', '', '', '', 4),
(81, 81, 'CE', 'Large', '', '', '', '', '', '', '', '', 12),
(82, 82, 'CG', 'Huge', '', '', '', '', '', '', '', '', 13),
(83, 83, 'CG', 'Gargantuan', '', '', '', '', '', '', '', '', 20),
(84, 84, 'CG', 'Medium', '', '', '', '', '', '', '', '', 1),
(85, 85, 'CG', 'Large', '', '', '', '', '', '', '', '', 6),
(86, 86, 'U', 'Gargantuan', '', '', '', '', '', '', '', '', 5),
(87, 87, 'LG', 'Huge', '', '', '', '', '', '', '', '', 15),
(88, 88, 'LG', 'Gargantuan', '', '', '', '', '', '', '', '', 22),
(89, 89, 'LG', 'Medium', '', '', '', '', '', '', '', '', 2),
(90, 90, 'LG', 'Large', '', '', '', '', '', '', '', '', 8),
(91, 91, 'U', 'Medium', '', '', '', '', '', '', '', '', 1),
(92, 92, 'U', 'Large', '', '', '', '', '', '', '', '', 1),
(93, 93, 'CE', 'Medium', '', '', '', '', '', '', '', '', 1),
(94, 94, 'CE', 'Medium', '', '', '', '', '', '', '', '', 3),
(95, 95, 'U', 'Large', '', '', '', '', '', '', '', '', 5),
(96, 96, 'CE', 'Medium', '', '', '', '', '', '', '', '', 3),
(97, 97, 'NE', 'Medium', '', '', '', '', '', '', '', '', 0),
(98, 98, 'LE', 'Large', '', '', '', '', '', '', '', '', 14),
(99, 99, 'E', 'Medium', '', '', '', '', '', '', '', '', 5),
(100, 100, 'U', 'Large', '', '', '', '', '', '', '', '', 0),
(101, 101, 'NE', 'Medium', '', '', '', '', '', '', '', '', 8),
(102, 102, 'U', 'Large', '', '', '', '', '', '', '', '', 2),
(103, 103, 'U', 'Tiny', '', '', '', '', '', '', '', '', 0),
(104, 104, 'U', 'Large', '', '', '', '', '', '', '', '', 5),
(105, 105, 'U', 'Medium', '', '', '', '', '', '', '', '', 3),
(106, 106, 'NG', 'Large', '', '', '', '', '', '', '', '', 2),
(107, 107, 'LE', 'Medium', '', '', '', '', '', '', '', '', 8),
(108, 108, 'ANY', 'Medium', '', '', '', '', '', '', '', '', 9),
(109, 109, 'CE', 'Large', '', '', '', '', '', '', '', '', 6),
(110, 110, 'CE', 'Large', '', '', '', '', '', '', '', '', 6),
(111, 111, 'CE', 'Small', '', '', '', '', '', '', '', '', 1),
(112, 112, 'CE', 'Small', '', '', '', '', '', '', '', '', 1),
(113, 113, 'CE', 'Medium', '', '', '', '', '', '', '', '', 3),
(114, 114, 'CE', 'Large', '', '', '', '', '', '', '', '', 4),
(115, 115, 'U', 'Large', '', '', '', '', '', '', '', '', 9),
(116, 116, 'CN', 'Large', '', '', '', '', '', '', '', '', 8),
(117, 117, 'N', 'Huge', '', '', '', '', '', '', '', '', 9),
(118, 118, 'CN', 'Huge', '', '', '', '', '', '', '', '', 11),
(119, 119, 'U', 'Small', '', '', '', '', '', '', '', '', 1),
(120, 120, 'ANY', 'Medium', '', '', '', '', '', '', '', '', 0),
(121, 121, 'ANY', 'Medium', '', '', '', '', '', '', '', '', 6),
(122, 122, 'U', 'large', '', '', '', '', '', '', '', '', 0),
(123, 123, 'CG', 'Huge', '', '', '', '', '', '', '', '', 14),
(124, 124, 'CG', 'Gargantuan', '', '', '', '', '', '', '', '', 21),
(125, 125, 'CG', 'Medium', '', '', '', '', '', '', '', '', 1),
(126, 126, 'CG', 'Large', '', '', '', '', '', '', '', '', 7),
(127, 127, 'CE', 'Large', '', '', '', '', '', '', '', '', 8),
(128, 128, 'LG', 'Medium', '', '', '', '', '', '', '', '', 4),
(129, 129, 'U', 'Large', '', '', '', '', '', '', '', '', 0),
(130, 130, 'U', 'Tiny', '', '', '', '', '', '', '', '', 0),
(131, 131, 'LE', 'Tiny', '', '', '', '', '', '', '', '', 0),
(132, 132, 'NE', 'Tiny', '', '', '', '', '', '', '', '', 0),
(133, 133, 'U', 'Large', '', '', '', '', '', '', '', '', 1),
(134, 134, 'NOT GOOD', 'Medium', '', '', '', '', '', '', '', '', 2),
(135, 135, 'NOT GOOD', 'Medium', '', '', '', '', '', '', '', '', 0),
(136, 136, 'CN', 'Huge', '', '', '', '', '', '', '', '', 6),
(137, 137, 'NE', 'Large', '', '', '', '', '', '', '', '', 11),
(138, 138, 'CN', 'Small', '', '', '', '', '', '', '', '', 1),
(139, 139, 'CN', 'Medium', '', '', '', '', '', '', '', '', 2),
(140, 140, 'U', 'Small', '', '', '', '', '', '', '', '', 1),
(141, 141, 'NE', 'Medium', '', '', '', '', '', '', '', '', 1),
(142, 142, 'NE', 'Large', '', '', '', '', '', '', '', '', 10),
(143, 143, 'CE', 'Medium', '', '', '', '', '', '', '', '', 17),
(144, 144, 'CE', 'Medium', '', '', '', '', '', '', '', '', 10),
(145, 145, 'LE', 'Large', '', '', '', '', '', '', '', '', 14),
(146, 146, 'NE', 'Medium', '', '', '', '', '', '', '', '', 4),
(147, 147, 'NE', 'Medium', '', '', '', '', '', '', '', '', 8),
(148, 148, 'NE', 'Medium', '', '', '', '', '', '', '', '', 3),
(149, 149, 'NE', 'Medium', '', '', '', '', '', '', '', '', 3),
(150, 150, 'U', 'Medium', '', '', '', '', '', '', '', '', 0),
(151, 151, 'U', 'Medium', '', '', '', '', '', '', '', '', 1),
(152, 152, 'NE', 'Tiny', '', '', '', '', '', '', '', '', 18),
(153, 153, 'CE', 'Huge', '', '', '', '', '', '', '', '', 26),
(154, 154, 'CE', 'Small', '', '', '', '', '', '', '', '', 0),
(155, 155, 'CE', 'Small', '', '', '', '', '', '', '', '', 3),
(156, 156, 'LG', 'Medium', '', '', '', '', '', '', '', '', 10),
(157, 157, 'CE', 'Large', '', '', '', '', '', '', '', '', 13),
(158, 158, 'NE', 'Medium', '', '', '', '', '', '', '', '', 7),
(159, 159, 'U', 'Medium', '', '', '', '', '', '', '', '', 0),
(160, 160, 'CE', 'Huge', '', '', '', '', '', '', '', '', 13),
(161, 161, 'U', 'Large', '', '', '', '', '', '', '', '', 1),
(162, 162, 'LE', 'Large', '', '', '', '', '', '', '', '', 3),
(163, 163, 'ANY', 'Medium', '', '', '', '', '', '', '', '', 8),
(164, 164, 'CG', 'Large', '', '', '', '', '', '', '', '', 11),
(165, 165, 'U', 'Medium', '', '', '', '', '', '', '', '', 0),
(166, 166, 'N', 'Medium', '', '', '', '', '', '', '', '', 3),
(167, 167, 'LE', 'VARIES', '', '', '', '', '', '', '', '', 17),
(168, 168, 'CE', 'Large', '', '', '', '', '', '', '', '', 7),
(169, 169, 'U', 'Large', '', '', '', '', '', '', '', '', 0),
(170, 170, 'N', 'Gargantuan', '', '', '', '', '', '', '', '', 17),
(171, 171, 'CE', 'small', '', '', '', '', '', '', '', '', 0),
(172, 172, 'CE', 'Large', '', '', '', '', '', '', '', '', 6),
(173, 173, 'NE', 'Medium', '', '', '', '', '', '', '', '', 0),
(174, 174, 'CE', 'Medium', '', '', '', '', '', '', '', '', 13),
(175, 175, 'NE', 'Medium', '', '', '', '', '', '', '', '', 5),
(176, 176, 'NE', 'Medium', '', '', '', '', '', '', '', '', 18),
(177, 177, 'NE', 'Medium', '', '', '', '', '', '', '', '', 9),
(178, 178, 'NE', 'Medium', '', '', '', '', '', '', '', '', 14),
(179, 179, 'NE', 'Medium', '', '', '', '', '', '', '', '', 7),
(180, 180, 'NE', 'Medium', '', '', '', '', '', '', '', '', 20),
(181, 181, 'NE', 'Medium', '', '', '', '', '', '', '', '', 8),
(182, 182, 'NE', 'Medium', '', '', '', '', '', '', '', '', 11),
(183, 183, 'ANY', 'Medium', '', '', '', '', '', '', '', '', 2),
(184, 184, 'N', 'Medium', '', '', '', '', '', '', '', '', 1),
(185, 185, 'LE', 'Medium', '', '', '', '', '', '', '', '', 1),
(186, 186, 'LE', 'Medium', '', '', '', '', '', '', '', '', 12),
(187, 187, 'LE', 'Medium', '', '', '', '', '', '', '', '', 2),
(188, 188, 'LE', 'Medium', '', '', '', '', '', '', '', '', 2),
(189, 189, 'LE', 'Medium', '', '', '', '', '', '', '', '', 2),
(190, 190, 'LE', 'Medium', '', '', '', '', '', '', '', '', 3),
(191, 191, 'LE', 'Medium', '', '', '', '', '', '', '', '', 1),
(192, 192, 'LE', 'Medium', '', '', '', '', '', '', '', '', 2),
(193, 193, 'LE', 'Medium', '', '', '', '', '', '', '', '', 6),
(194, 194, 'LE', 'Medium', '', '', '', '', '', '', '', '', 2),
(195, 195, 'LN', 'Medium', '', '', '', '', '', '', '', '', 0),
(196, 196, 'NE', 'Small', '', '', '', '', '', '', '', '', 1),
(197, 197, 'CE', 'Medium', '', '', '', '', '', '', '', '', 4),
(198, 198, 'U', 'Small', '', '', '', '', '', '', '', '', 0),
(199, 199, 'N', 'Large', '', '', '', '', '', '', '', '', 5),
(200, 200, 'N', 'Medium', '', '', '', '', '', '', '', '', 7),
(201, 201, 'LE', 'Large', '', '', '', '', '', '', '', '', 11),
(202, 202, 'ANY', 'Medium', '', '', '', '', '', '', '', '', 12),
(203, 203, 'LE', 'Large', '', '', '', '', '', '', '', '', 14),
(204, 204, 'LE', 'Huge', '', '', '', '', '', '', '', '', 10),
(205, 205, 'N', 'Gargantuan', '', '', '', '', '', '', '', '', 23),
(206, 206, 'U', 'Huge', '', '', '', '', '', '', '', '', 4),
(207, 207, 'U', 'Large', '', '', '', '', '', '', '', '', 0),
(208, 208, 'CG OR NE', 'Huge', '', '', '', '', '', '', '', '', 23),
(209, 209, 'ANY', 'Medium', '', '', '', '', '', '', '', '', 5),
(210, 210, 'LE', 'Medium', '', '', '', '', '', '', '', '', 12),
(211, 211, 'NE', 'Medium', '', '', '', '', '', '', '', '', 2),
(212, 212, 'CE', 'large', '', '', '', '', '', '', '', '', 4),
(213, 213, 'ANY', 'Medium', '', '', '', '', '', '', '', '', 9),
(214, 214, 'CG', 'Tiny', '', '', '', '', '', '', '', '', 1),
(215, 215, 'U', 'Large', '', '', '', '', '', '', '', '', 1),
(216, 216, 'N', 'large', '', '', '', '', '', '', '', '', 5),
(217, 217, 'N', 'Medium', '', '', '', '', '', '', '', '', 7),
(218, 218, 'LE', 'Huge', '', '', '', '', '', '', '', '', 9),
(219, 219, 'LE', 'Huge', '', '', '', '', '', '', '', '', 14),
(220, 220, 'NE', 'Medium', '', '', '', '', '', '', '', '', 1),
(221, 221, 'NE', 'Medium', '', '', '', '', '', '', '', '', 1),
(222, 222, 'NE', 'Medium', '', '', '', '', '', '', '', '', 1),
(223, 223, 'U', 'Large', '', '', '', '', '', '', '', '', 3),
(224, 224, 'NE', 'Tiny', '', '', '', '', '', '', '', '', 4),
(225, 225, 'N', 'Medium', '', '', '', '', '', '', '', '', 5),
(226, 226, 'CE', 'Medium', '', '', '', '', '', '', '', '', 9),
(227, 227, 'LG', 'Small', '', '', '', '', '', '', '', '', 0),
(228, 228, 'U', 'Tiny', '', '', '', '', '', '', '', '', 0),
(229, 229, 'U', 'Small', '', '', '', '', '', '', '', '', 0),
(230, 230, 'CE', 'Huge', '', '', '', '', '', '', '', '', 8),
(231, 231, 'CE', 'Large', '', '', '', '', '', '', '', '', 23),
(232, 232, 'U', 'Tiny', '', '', '', '', '', '', '', '', 0),
(233, 233, 'U', 'Huge', '', '', '', '', '', '', '', '', 10),
(234, 234, 'NE', 'Huge', '', '', '', '', '', '', '', '', 8),
(235, 235, 'CE', 'Huge', '', '', '', '', '', '', '', '', 12),
(236, 236, 'U', 'Huge', '', '', '', '', '', '', '', '', 9),
(237, 237, 'N', 'Medium', '', '', '', '', '', '', '', '', 6),
(238, 238, 'CE', 'Medium', '', '', '', '', '', '', '', '', 2),
(239, 239, 'U', 'Large', '', '', '', '', '', '', '', '', 1),
(240, 240, 'LE', 'Medium', '', '', '', '', '', '', '', '', 6),
(241, 241, 'NE', 'Tiny', '', '', '', '', '', '', '', '', 1),
(242, 242, 'U', 'Large', '', '', '', '', '', '', '', '', 2),
(243, 243, 'LE', 'Huge', '', '', '', '', '', '', '', '', 22),
(244, 244, 'CE', 'Medium', '', '', '', '', '', '', '', '', 2),
(245, 245, 'ANY', 'Medium', '', '', '', '', '', '', '', '', 4),
(246, 246, 'CE', 'Medium', '', '', '', '', '', '', '', '', 1),
(247, 247, 'U', 'Huge', '', '', '', '', '', '', '', '', 7),
(248, 248, 'U', 'Medium', '', '', '', '', '', '', '', '', 0),
(249, 249, 'U', 'Large', '', '', '', '', '', '', '', '', 0),
(250, 250, 'U', 'Large', '', '', '', '', '', '', '', '', 2),
(251, 251, 'U', 'small', '', '', '', '', '', '', '', '', 0),
(252, 252, 'U', 'Huge', '', '', '', '', '', '', '', '', 2),
(253, 253, 'U', 'Medium', '', '', '', '', '', '', '', '', 0),
(254, 254, 'U', 'Huge', '', '', '', '', '', '', '', '', 5),
(255, 255, 'U', 'Large', '', '', '', '', '', '', '', '', 1),
(256, 256, 'U', 'Huge', '', '', '', '', '', '', '', '', 2),
(257, 257, 'U', 'small', '', '', '', '', '', '', '', '', 0),
(258, 258, 'U', 'Medium', '', '', '', '', '', '', '', '', 0),
(259, 259, 'U', 'Large', '', '', '', '', '', '', '', '', 1),
(260, 260, 'U', 'Large', '', '', '', '', '', '', '', '', 1),
(261, 261, 'U', 'Large', '', '', '', '', '', '', '', '', 0),
(262, 262, 'U', 'Large', '', '', '', '', '', '', '', '', 1),
(263, 263, 'U', 'Large', '', '', '', '', '', '', '', '', 0),
(264, 264, 'U', 'Medium', '', '', '', '', '', '', '', '', 0),
(265, 265, 'U', 'Small', '', '', '', '', '', '', '', '', 0),
(266, 266, 'U', 'Large', '', '', '', '', '', '', '', '', 3),
(267, 267, 'U', 'Large', '', '', '', '', '', '', '', '', 1),
(268, 268, 'U', 'Huge', '', '', '', '', '', '', '', '', 5),
(269, 269, 'U', 'Large', '', '', '', '', '', '', '', '', 1),
(270, 270, 'NE', 'Large', '', '', '', '', '', '', '', '', 1),
(271, 271, 'U', 'Large', '', '', '', '', '', '', '', '', 1),
(272, 272, 'NE', 'Large', '', '', '', '', '', '', '', '', 1),
(273, 273, 'U', 'Medium', '', '', '', '', '', '', '', '', 1),
(274, 274, 'U', 'Medium', '', '', '', '', '', '', '', '', 0),
(275, 275, 'U', 'Medium', '', '', '', '', '', '', '', '', 0),
(276, 276, 'N', 'Medium', '', '', '', '', '', '', '', '', 2),
(277, 277, 'LN', 'Medium', '', '', '', '', '', '', '', '', 3),
(278, 278, 'U', 'Large', '', '', '', '', '', '', '', '', 4),
(279, 279, 'LE', 'Medium', '', '', '', '', '', '', '', '', 10),
(280, 280, 'LE', 'Medium', '', '', '', '', '', '', '', '', 12),
(281, 281, 'LE', 'Medium', '', '', '', '', '', '', '', '', 8),
(282, 282, 'LE', 'Medium', '', '', '', '', '', '', '', '', 14),
(283, 283, 'LE', 'Medium', '', '', '', '', '', '', '', '', 3),
(284, 284, 'LN', 'Medium', '', '', '', '', '', '', '', '', 16),
(285, 285, 'LN', 'Medium', '', '', '', '', '', '', '', '', 10),
(286, 286, 'LN', 'Medium', '', '', '', '', '', '', '', '', 2),
(287, 287, 'LN', 'Medium', '', '', '', '', '', '', '', '', 6),
(288, 288, 'CE', 'Large', '', '', '', '', '', '', '', '', 9),
(289, 289, 'ANY', 'Medium', '', '', '', '', '', '', '', '', 5),
(290, 290, 'N', 'Medium', '', '', '', '', '', '', '', '', 9),
(291, 291, 'CE', 'Medium', '', '', '', '', '', '', '', '', 1),
(292, 292, 'CE', 'Medium', '', '', '', '', '', '', '', '', 4),
(293, 293, 'CE', 'Medium', '', '', '', '', '', '', '', '', 1),
(294, 294, 'CE', 'Medium', '', '', '', '', '', '', '', '', 1),
(295, 295, 'CE', 'Medium', '', '', '', '', '', '', '', '', 2),
(296, 296, 'CE', 'Medium', '', '', '', '', '', '', '', '', 0),
(297, 297, 'NG', 'Small', '', '', '', '', '', '', '', '', 1),
(298, 298, 'U', 'Medium', '', '', '', '', '', '', '', '', 0),
(299, 299, 'NE', 'small', '', '', '', '', '', '', '', '', 0),
(300, 300, 'NE', 'small', '', '', '', '', '', '', '', '', 1),
(301, 301, 'LG', 'Huge', '', '', '', '', '', '', '', '', 17),
(302, 302, 'LG', 'Gargantuan', '', '', '', '', '', '', '', '', 24),
(303, 303, 'LG', 'Medium', '', '', '', '', '', '', '', '', 3),
(304, 304, 'LG', 'Large', '', '', '', '', '', '', '', '', 10),
(305, 305, 'U', 'Large', '', '', '', '', '', '', '', '', 5),
(306, 306, 'CE', 'Huge', '', '', '', '', '', '', '', '', 17),
(307, 307, 'U', 'Medium', '', '', '', '', '', '', '', '', 1),
(308, 308, 'CN', 'Large', '', '', '', '', '', '', '', '', 12),
(309, 309, 'CN', 'Medium', '', '', '', '', '', '', '', '', 9),
(310, 310, 'CE', 'Large', '', '', '', '', '', '', '', '', 24),
(311, 311, 'LE', 'Medium', '', '', '', '', '', '', '', '', 15),
(312, 312, 'LE', 'Huge', '', '', '', '', '', '', '', '', 15),
(313, 313, 'LE', 'Gargantuan', '', '', '', '', '', '', '', '', 22),
(314, 314, 'LE', 'Medium', '', '', '', '', '', '', '', '', 2),
(315, 315, 'LE', 'Large', '', '', '', '', '', '', '', '', 8),
(316, 316, 'NE', 'Medium', '', '', '', '', '', '', '', '', 3),
(317, 317, 'CN', 'Large', '', '', '', '', '', '', '', '', 8),
(318, 318, 'NE', 'Medium', '', '', '', '', '', '', '', '', 3),
(319, 319, 'N', 'Medium', '', '', '', '', '', '', '', '', 2),
(320, 320, 'N', 'Medium', '', '', '', '', '', '', '', '', 7),
(321, 321, 'U', 'Large', '', '', '', '', '', '', '', '', 2),
(322, 322, 'NE', 'Medium', '', '', '', '', '', '', '', '', 0),
(323, 323, 'LE', 'Small', '', '', '', '', '', '', '', '', 0),
(324, 324, 'LE', 'Small', '', '', '', '', '', '', '', '', 2),
(325, 325, 'LE', 'Small', '', '', '', '', '', '', '', '', 1),
(326, 326, 'ANY', 'Medium', '', '', '', '', '', '', '', '', 0),
(327, 327, 'U', 'Medium', '', '', '', '', '', '', '', '', 2),
(328, 328, 'LG', 'Large', '', '', '', '', '', '', '', '', 10),
(329, 329, 'LN', 'Large', '', '', '', '', '', '', '', '', 11),
(330, 330, 'U', 'Large', '', '', '', '', '', '', '', '', 0),
(331, 331, 'C', 'Large', '', '', '', '', '', '', '', '', 1),
(332, 332, 'ANY', 'Medium', '', '', '', '', '', '', '', '', 5),
(333, 333, 'CE', 'Medium', '', '', '', '', '', '', '', '', 1),
(334, 334, 'U', 'Tiny', '', '', '', '', '', '', '', '', 0),
(335, 335, 'LE', 'Medium', '', '', '', '', '', '', '', '', 3),
(336, 336, 'LE', 'Huge', '', '', '', '', '', '', '', '', 16),
(337, 337, 'N', 'Medium', '', '', '', '', '', '', '', '', 4),
(338, 338, 'CE', 'Large', '', '', '', '', '', '', '', '', 8),
(339, 339, 'CE', 'Huge', '', '', '', '', '', '', '', '', 5),
(340, 340, 'U', 'Large', '', '', '', '', '', '', '', '', 1),
(341, 341, 'LE', 'Medium', '', '', '', '', '', '', '', '', 1),
(342, 342, 'LE', 'Medium', '', '', '', '', '', '', '', '', 3),
(343, 343, 'LE', 'Medium', '', '', '', '', '', '', '', '', 4),
(344, 344, 'LE', 'Medium', '', '', '', '', '', '', '', '', 2),
(345, 345, 'LE', 'Medium', '', '', '', '', '', '', '', '', 6),
(346, 346, 'N', 'Tiny', '', '', '', '', '', '', '', '', 0),
(347, 347, 'N', 'Large', '', '', '', '', '', '', '', '', 3),
(348, 348, 'LE', 'Large', '', '', '', '', '', '', '', '', 11),
(349, 349, 'CE', 'Large', '', '', '', '', '', '', '', '', 8),
(350, 350, 'U', 'Large', '', '', '', '', '', '', '', '', 2),
(351, 351, 'LE', 'Large', '', '', '', '', '', '', '', '', 21),
(352, 352, 'U', 'Huge', '', '', '', '', '', '', '', '', 8),
(353, 353, 'NE', 'Medium', '', '', '', '', '', '', '', '', 9),
(354, 354, 'U', 'Medium', '', '', '', '', '', '', '', '', 0),
(355, 355, 'LE', 'Large', '', '', '', '', '', '', '', '', 14),
(356, 356, 'NE', 'Small', '', '', '', '', '', '', '', '', 1),
(357, 357, 'ANY', 'Medium', '', '', '', '', '', '', '', '', 3),
(358, 358, 'LE', 'Tiny', '', '', '', '', '', '', '', '', 1),
(359, 359, 'LE', 'Tiny', '', '', '', '', '', '', '', '', 2),
(360, 360, 'N', 'Medium', '', '', '', '', '', '', '', '', 6),
(361, 361, 'U', 'Medium', '', '', '', '', '', '', '', '', 4),
(362, 362, 'U', 'Large', '', '', '', '', '', '', '', '', 16),
(363, 363, 'U', 'Small', '', '', '', '', '', '', '', '', 0),
(364, 364, 'CE', 'Medium', '', '', '', '', '', '', '', '', 1),
(365, 365, 'CE', 'Huge', '', '', '', '', '', '', '', '', 23),
(366, 366, 'CN', 'Medium', '', '', '', '', '', '', '', '', 0),
(367, 367, 'LG', 'Huge', '', '', '', '', '', '', '', '', 12),
(368, 368, 'U', 'Huge', '', '', '', '', '', '', '', '', 3),
(369, 369, 'ANY', 'Medium', '', '', '', '', '', '', '', '', 3),
(370, 370, 'LE', 'Small', '', '', '', '', '', '', '', '', 0),
(371, 371, 'LE', 'Small', '', '', '', '', '', '', '', '', 1),
(372, 372, 'LE', 'Small', '', '', '', '', '', '', '', '', 0),
(373, 373, 'LE', 'Small', '', '', '', '', '', '', '', '', 1),
(374, 374, 'CN', 'Small', '', '', '', '', '', '', '', '', 7),
(375, 375, 'CE', 'Gargantuan', '', '', '', '', '', '', '', '', 23),
(376, 376, 'ANY', 'Medium', '', '', '', '', '', '', '', '', 5),
(377, 377, 'U', 'Large', '', '', '', '', '', '', '', '', 5),
(378, 378, 'NE', 'Medium', '', '', '', '', '', '', '', '', 0),
(379, 379, 'NE', 'Medium', '', '', '', '', '', '', '', '', 6),
(380, 380, 'NE', 'Medium', '', '', '', '', '', '', '', '', 1),
(381, 381, 'CE', 'Large', '', '', '', '', '', '', '', '', 4),
(382, 382, 'LE', 'Medium', '', '', '', '', '', '', '', '', 0),
(383, 383, 'CE', 'Large', '', '', '', '', '', '', '', '', 3),
(384, 384, 'N', 'Gargantuan', '', '', '', '', '', '', '', '', 20),
(385, 385, 'E', 'Medium', '', '', '', '', '', '', '', '', 21),
(386, 386, 'U', 'Large', '', '', '', '', '', '', '', '', 1),
(387, 387, 'U', 'Tiny', '', '', '', '', '', '', '', '', 0),
(388, 388, 'CE', 'Medium', '', '', '', '', '', '', '', '', 4),
(389, 389, 'N', 'Medium', '', '', '', '', '', '', '', '', 1),
(390, 390, 'N', 'Medium', '', '', '', '', '', '', '', '', 2),
(391, 391, 'ANY', 'Medium', '', '', '', '', '', '', '', '', 6),
(392, 392, 'NE', 'Small', '', '', '', '', '', '', '', '', 1),
(393, 393, 'CN', 'Small', '', '', '', '', '', '', '', '', 1),
(394, 394, 'U', 'Medium', '', '', '', '', '', '', '', '', 0),
(395, 395, 'U', 'Huge', '', '', '', '', '', '', '', '', 6),
(396, 396, 'CE', 'Small', '', '', '', '', '', '', '', '', 0),
(397, 397, 'LE', 'Large', '', '', '', '', '', '', '', '', 3),
(398, 398, 'CN', 'Large', '', '', '', '', '', '', '', '', 11),
(399, 399, 'CE', 'Large', '', '', '', '', '', '', '', '', 16),
(400, 400, 'ANY', 'Medium', '', '', '', '', '', '', '', '', 3),
(401, 401, 'LN', 'Large', '', '', '', '', '', '', '', '', 25),
(402, 402, 'ANY', 'Medium', '', '', '', '', '', '', '', '', 5),
(403, 403, 'U', 'Medium', '', '', '', '', '', '', '', '', 0),
(404, 404, 'CE', 'Medium', '', '', '', '', '', '', '', '', 7),
(405, 405, 'CE', 'Medium', '', '', '', '', '', '', '', '', 1),
(406, 406, 'NE', 'Medium', '', '', '', '', '', '', '', '', 1),
(407, 407, 'LE', 'Medium', '', '', '', '', '', '', '', '', 6),
(408, 408, 'NE', 'Small', '', '', '', '', '', '', '', '', 2),
(409, 409, 'N', 'Medium', '', '', '', '', '', '', '', '', 0),
(410, 410, 'LE', 'Medium', '', '', '', '', '', '', '', '', 4),
(411, 411, 'NE', 'Medium', '', '', '', '', '', '', '', '', 3),
(412, 412, 'CE', 'Large', '', '', '', '', '', '', '', '', 2),
(413, 413, 'NE', 'Medium', '', '', '', '', '', '', '', '', 5),
(414, 414, 'N', 'Medium', '', '', '', '', '', '', '', '', 2),
(415, 415, 'LE', 'Medium', '', '', '', '', '', '', '', '', 7),
(416, 416, 'LE', 'Large', '', '', '', '', '', '', '', '', 5),
(417, 417, 'CE', 'Large', '', '', '', '', '', '', '', '', 3),
(418, 418, 'LE', 'Large', '', '', '', '', '', '', '', '', 2),
(419, 419, 'LE', 'Large', '', '', '', '', '', '', '', '', 21),
(420, 420, 'CE', 'Huge', '', '', '', '', '', '', '', '', 21),
(421, 421, 'LN', 'Medium', '', '', '', '', '', '', '', '', 0),
(422, 422, 'CE', 'Medium', '', '', '', '', '', '', '', '', 11),
(423, 423, 'CE', 'Huge', '', '', '', '', '', '', '', '', 14),
(424, 424, 'NE', 'Small', '', '', '', '', '', '', '', '', 0),
(425, 425, 'U', 'Medium', '', '', '', '', '', '', '', '', 0),
(426, 426, 'LE', 'Medium', '', '', '', '', '', '', '', '', 3),
(427, 427, 'LE', 'Medium', '', '', '', '', '', '', '', '', 15),
(428, 428, 'LN', 'Medium', '', '', '', '', '', '', '', '', 1),
(429, 429, 'LN', 'Large', '', '', '', '', '', '', '', '', 2),
(430, 430, 'LN', 'Small', '', '', '', '', '', '', '', '', 0),
(431, 431, 'CE', 'Medium', '', '', '', '', '', '', '', '', 15),
(432, 432, 'NE', 'Medium', '', '', '', '', '', '', '', '', 17),
(433, 433, 'LE', 'Large', '', '', '', '', '', '', '', '', 13),
(434, 434, 'LE', 'Medium', '', '', '', '', '', '', '', '', 13),
(435, 435, 'ANY', 'Medium', '', '', '', '', '', '', '', '', 9),
(436, 436, 'NE', 'Medium', '', '', '', '', '', '', '', '', 0),
(437, 437, 'LE', 'Small', '', '', '', '', '', '', '', '', 3),
(438, 438, 'LE', 'Tiny', '', '', '', '', '', '', '', '', 0),
(439, 439, 'LE', 'Medium', '', '', '', '', '', '', '', '', 4),
(440, 440, 'CE', 'Gargantuan', '', '', '', '', '', '', '', '', 13),
(441, 441, 'NE', 'Medium', '', '', '', '', '', '', '', '', 5),
(442, 442, 'NE', 'Large', '', '', '', '', '', '', '', '', 3),
(443, 443, 'CE', 'Huge', '', '', '', '', '', '', '', '', 20),
(444, 444, 'CE', 'Small', '', '', '', '', '', '', '', '', 1),
(445, 445, 'ANY', 'Medium', '', '', '', '', '', '', '', '', 0),
(446, 446, 'NE', 'Medium', '', '', '', '', '', '', '', '', 2),
(447, 447, 'LE', 'Medium', '', '', '', '', '', '', '', '', 1),
(448, 448, 'NE', 'Large', '', '', '', '', '', '', '', '', 9),
(449, 449, 'U', 'Medium', '', '', '', '', '', '', '', '', 5),
(450, 450, 'LE', 'Tiny', '', '', '', '', '', '', '', '', 0),
(451, 451, 'U', 'Large', '', '', '', '', '', '', '', '', 2),
(452, 452, 'U', 'Small', '', '', '', '', '', '', '', '', 0),
(453, 453, 'CE', 'Large', '', '', '', '', '', '', '', '', 2),
(454, 454, 'CE', 'Large', '', '', '', '', '', '', '', '', 4),
(455, 455, 'CE', 'Large', '', '', '', '', '', '', '', '', 2),
(456, 456, 'CE', 'Large', '', '', '', '', '', '', '', '', 3),
(457, 457, 'CE', 'Large', '', '', '', '', '', '', '', '', 2),
(458, 458, 'NE', 'Large', '', '', '', '', '', '', '', '', 2),
(459, 459, 'NE', 'Medium', '', '', '', '', '', '', '', '', 12),
(460, 460, 'LE', 'Large', '', '', '', '', '', '', '', '', 7),
(461, 461, 'CE', 'Medium', '', '', '', '', '', '', '', '', 1),
(462, 462, 'CE', 'Medium', '', '', '', '', '', '', '', '', 4),
(463, 463, 'CE', 'Medium', '', '', '', '', '', '', '', '', 2),
(464, 464, 'CE', 'Medium', '', '', '', '', '', '', '', '', 2),
(465, 465, 'CE', 'Medium', '', '', '', '', '', '', '', '', 2),
(466, 466, 'CE', 'Medium', '', '', '', '', '', '', '', '', 1),
(467, 467, 'CE', 'Medium', '', '', '', '', '', '', '', '', 3),
(468, 468, 'CE', 'Medium', '', '', '', '', '', '', '', '', 4),
(469, 469, 'CE', 'Huge', '', '', '', '', '', '', '', '', 26),
(470, 470, 'CE', 'Medium', '', '', '', '', '', '', '', '', 2),
(471, 471, 'LE', 'Large', '', '', '', '', '', '', '', '', 10),
(472, 472, 'N', 'Large', '', '', '', '', '', '', '', '', 5),
(473, 473, 'U', 'Tiny', '', '', '', '', '', '', '', '', 0),
(474, 474, 'U', 'Large', '', '', '', '', '', '', '', '', 3),
(475, 475, 'U', 'Medium', '', '', '', '', '', '', '', '', 0),
(476, 476, 'CG', 'Large', '', '', '', '', '', '', '', '', 2),
(477, 477, 'LN', 'Large', '', '', '', '', '', '', '', '', 2),
(478, 478, 'CE', 'Medium', '', '', '', '', '', '', '', '', 2),
(479, 479, 'U', 'Large', '', '', '', '', '', '', '', '', 3),
(480, 480, 'N', 'Gargantuan', '', '', '', '', '', '', '', '', 16),
(481, 481, 'U', 'Medium', '', '', '', '', '', '', '', '', 1),
(482, 482, 'LE', 'Large', '', '', '', '', '', '', '', '', 20),
(483, 483, 'NG', 'Tiny', '', '', '', '', '', '', '', '', 0),
(484, 484, 'LG', 'Large', '', '', '', '', '', '', '', '', 16),
(485, 485, 'U', 'Large', '', '', '', '', '', '', '', '', 2),
(486, 486, 'U', 'Tiny', '', '', '', '', '', '', '', '', 0),
(487, 487, 'U', 'Large', '', '', '', '', '', '', '', '', 2),
(488, 488, 'U', 'Medium', '', '', '', '', '', '', '', '', 0),
(489, 489, 'ANY', 'Medium', '', '', '', '', '', '', '', '', 2),
(490, 490, 'NG', 'Tiny', '', '', '', '', '', '', '', '', 0),
(491, 491, 'U', 'Medium', '', '', '', '', '', '', '', '', 0),
(492, 492, 'U', 'Gargantuan', '', '', '', '', '', '', '', '', 15),
(493, 493, 'LN', 'Medium', '', '', '', '', '', '', '', '', 1),
(494, 494, 'CN', 'Medium', '', '', '', '', '', '', '', '', 2),
(495, 495, 'U', 'Medium', '', '', '', '', '', '', '', '', 1),
(496, 496, 'CE', 'Tiny', '', '', '', '', '', '', '', '', 1),
(497, 497, 'U', 'Huge', '', '', '', '', '', '', '', '', 2),
(498, 498, 'CE', 'Tiny', '', '', '', '', '', '', '', '', 1),
(499, 499, 'U', 'Tiny', '', '', '', '', '', '', '', '', 0),
(500, 500, 'LE', 'Medium', '', '', '', '', '', '', '', '', 13),
(501, 501, 'U', 'Tiny', '', '', '', '', '', '', '', '', 0),
(502, 502, 'U', 'Tiny', '', '', '', '', '', '', '', '', 0),
(503, 503, 'LE', 'Medium', '', '', '', '', '', '', '', '', 19),
(504, 504, 'CE', 'Huge', '', '', '', '', '', '', '', '', 17),
(505, 505, 'CE', 'Gargantuan', 'Dex +7, Con +16, Wis +9, Cha +13', 'Perception +16, Stealth +7', '', 'Fire', '', 'Blindsight 60 Ft., Darkvision 120 Ft., passive Perception 26', 'Common, Draconic', '40 ft., climb 40 ft., fly 80 ft.', 24),
(506, 506, 'CE', 'Medium', '', '', '', '', '', '', '', '', 4),
(507, 507, 'CE', 'Large', '', '', '', '', '', '', '', '', 10),
(508, 508, 'CN', 'Large', '', '', '', '', '', '', '', '', 5),
(509, 509, 'CE', 'Small', '', '', '', '', '', '', '', '', 3),
(510, 510, 'U', 'Medium', '', '', '', '', '', '', '', '', 1),
(511, 511, 'U', 'Huge', '', '', '', '', '', '', '', '', 11),
(512, 512, 'LE', 'Large', '', '', '', '', '', '', '', '', 14),
(513, 513, 'N', 'Medium', '', '', '', '', '', '', '', '', 5),
(514, 514, 'U', 'Large', '', '', '', '', '', '', '', '', 2),
(515, 515, 'U', 'Large', '', '', '', '', '', '', '', '', 0),
(516, 516, 'U', 'Gargantuan', '', '', '', '', '', '', '', '', 11),
(517, 517, 'NE', 'Large', '', '', '', '', '', '', '', '', 5),
(518, 518, 'CE', 'Large', '', '', '', '', '', '', '', '', 9),
(519, 519, 'U', 'Large', '', '', '', '', '', '', '', '', 2),
(520, 520, 'U', 'Medium', '', '', '', '', '', '', '', '', 1),
(521, 521, 'CE', 'Medium', '', '', '', '', '', '', '', '', 2),
(522, 522, 'U', 'Large', '', '', '', '', '', '', '', '', 2),
(523, 523, 'Same as Eidolon', 'Large', '', '', '', '', '', '', '', '', 0),
(524, 524, 'LE', 'Medium', '', '', '', '', '', '', '', '', 1),
(525, 525, 'LE', 'Large', '', '', '', '', '', '', '', '', 5),
(526, 526, 'LE', 'Medium', '', '', '', '', '', '', '', '', 2),
(527, 527, 'NE', 'Large', '', '', '', '', '', '', '', '', 5),
(528, 528, 'CN', 'Medium', '', '', '', '', '', '', '', '', 1),
(529, 529, 'CE', 'Medium', '', '', '', '', '', '', '', '', 1),
(530, 530, 'U', 'Tiny', '', '', '', '', '', '', '', '', 0),
(531, 531, 'ANY', 'Medium', '', '', '', '', '', '', '', '', 1),
(532, 532, 'CE', 'Medium', '', '', '', '', '', '', '', '', 2),
(533, 533, 'U', 'Tiny', '', '', '', '', '', '', '', '', 0),
(534, 534, 'NE', 'Medium', '', '', '', '', '', '', '', '', 1),
(535, 535, 'CE', 'Medium', '', '', '', '', '', '', '', '', 1),
(536, 536, 'N', 'Medium', '', '', '', '', '', '', '', '', 7),
(537, 537, 'CE', 'Medium', '', '', '', '', '', '', '', '', 4),
(538, 538, 'CE', 'VARIES', '', '', '', '', '', '', '', '', 13),
(539, 539, 'NE', 'Medium', '', '', '', '', '', '', '', '', 2),
(540, 540, 'U', 'Large', '', '', '', '', '', '', '', '', 5),
(541, 541, 'U', 'Large', '', '', '', '', '', '', '', '', 7),
(542, 542, 'CE', 'Large', '', '', '', '', '', '', '', '', 8),
(543, 543, 'U', 'Medium', '', '', '', '', '', '', '', '', 0),
(544, 544, 'CE', 'Huge', '', '', '', '', '', '', '', '', 18),
(545, 545, 'LG', 'Huge', '', '', '', '', '', '', '', '', 16),
(546, 546, 'LG', 'Gargantuan', '', '', '', '', '', '', '', '', 23),
(547, 547, 'LG', 'Medium', '', '', '', '', '', '', '', '', 2),
(548, 548, 'LG', 'Large', '', '', '', '', '', '', '', '', 9),
(549, 549, 'LE', 'Medium', '', '', '', '', '', '', '', '', 0),
(550, 550, 'CN', 'Medium', '', '', '', '', '', '', '', '', 1),
(551, 551, 'LE', 'Medium', '', '', '', '', '', '', '', '', 15),
(552, 552, 'CN', 'Tiny', '', '', '', '', '', '', '', '', 0),
(553, 553, 'CE', 'Medium', '', '', '', '', '', '', '', '', 3),
(554, 554, 'NE', 'Small', '', '', '', '', '', '', '', '', 0),
(555, 555, 'LG', 'Large', '', '', '', '', '', '', '', '', 21),
(556, 556, 'N', 'Medium', '', '', '', '', '', '', '', '', 11),
(557, 557, 'CE', 'Medium', '', '', '', '', '', '', '', '', 5),
(558, 558, 'LN', 'Medium', '', '', '', '', '', '', '', '', 3),
(559, 559, 'CE', 'Medium', '', '', '', '', '', '', '', '', 1),
(560, 560, 'U', 'Tiny', '', '', '', '', '', '', '', '', 0),
(561, 561, 'LE', 'Small', '', '', '', '', '', '', '', '', 2),
(562, 562, 'CE', 'Large', '', '', '', '', '', '', '', '', 8),
(563, 563, 'CE', 'Large', '', '', '', '', '', '', '', '', 11),
(564, 564, 'CN', 'Medium', '', '', '', '', '', '', '', '', 10),
(565, 565, 'NG', 'Tiny', '', '', '', '', '', '', '', '', 0),
(566, 566, 'ANY', 'Medium', '', '', '', '', '', '', '', '', 1),
(567, 567, 'NE', 'Small', '', '', '', '', '', '', '', '', 0),
(568, 568, 'CE', 'Large', '', '', '', '', '', '', '', '', 10),
(569, 569, 'CE', 'Medium', '', '', '', '', '', '', '', '', 16),
(570, 570, 'CE', 'Medium', '', '', '', '', '', '', '', '', 5),
(571, 571, 'NE', 'Medium', '', '', '', '', '', '', '', '', 13),
(572, 572, 'NE', 'Small', '', '', '', '', '', '', '', '', 0),
(573, 573, 'LE', 'Large', '', '', '', '', '', '', '', '', 16),
(574, 574, 'U', 'Huge', '', '', '', '', '', '', '', '', 4),
(575, 575, 'U', 'Tiny', '', '', '', '', '', '', '', '', 0),
(576, 576, 'LE', 'Medium', '', '', '', '', '', '', '', '', 1),
(577, 577, 'U', 'Medium', '', '', '', '', '', '', '', '', 4),
(578, 578, 'N', 'Huge', '', '', '', '', '', '', '', '', 7),
(579, 579, 'CN', 'Huge', '', '', '', '', '', '', '', '', 10),
(580, 580, 'U', 'Large', '', '', '', '', '', '', '', '', 10),
(581, 581, 'CG', 'Huge', '', '', '', '', '', '', '', '', 13),
(582, 582, 'CG', 'Huge', '', '', '', '', '', '', '', '', 16),
(583, 583, 'NE', 'Medium', '', '', '', '', '', '', '', '', 4),
(584, 584, 'CN', 'Medium', '', '', '', '', '', '', '', '', 10),
(585, 585, 'U', 'Medium', '', '', '', '', '', '', '', '', 0),
(586, 586, 'LE', 'Tiny', '', '', '', '', '', '', '', '', 5),
(587, 587, 'U', 'Medium', '', '', '', '', '', '', '', '', 1),
(588, 588, 'U', 'Medium', '', '', '', '', '', '', '', '', 2),
(589, 589, 'U', 'Medium', '', '', '', '', '', '', '', '', 1),
(590, 590, 'U', 'Medium', '', '', '', '', '', '', '', '', 0),
(591, 591, 'U', 'Medium', '', '', '', '', '', '', '', '', 0),
(592, 592, 'U', 'Medium', '', '', '', '', '', '', '', '', 1),
(593, 593, 'NOT LAWFUL', 'Medium', '', '', '', '', '', '', '', '', 3),
(594, 594, 'LE', 'Medium', '', '', '', '', '', '', '', '', 8),
(595, 595, 'LE', 'Medium', '', '', '', '', '', '', '', '', 3),
(596, 596, 'CE', 'Medium', '', '', '', '', '', '', '', '', 5),
(597, 597, 'U', 'Gargantuan', '', '', '', '', '', '', '', '', 30),
(598, 598, 'NE', 'Medium', '', '', '', '', '', '', '', '', 13),
(599, 599, 'NE', 'Medium', '', '', '', '', '', '', '', '', 11),
(600, 600, 'NE', 'Medium', '', '', '', '', '', '', '', '', 9),
(601, 601, 'NE', 'Medium', '', '', '', '', '', '', '', '', 7),
(602, 602, 'NE', 'Small', '', '', '', '', '', '', '', '', 0),
(603, 603, 'N', 'Medium', '', '', '', '', '', '', '', '', 1),
(604, 604, 'CN', 'Medium', '', '', '', '', '', '', '', '', 1),
(605, 605, 'NOT GOOD', 'Medium', '', '', '', '', '', '', '', '', 1),
(606, 606, 'U', 'Large', '', '', '', '', '', '', '', '', 1),
(607, 607, 'LE', 'Medium', '', '', '', '', '', '', '', '', 16),
(608, 608, 'NE', 'Large', '', '', '', '', '', '', '', '', 5),
(609, 609, 'LG', 'Medium', '', '', '', '', '', '', '', '', 0),
(610, 610, 'LN', 'Medium', '', '', '', '', '', '', '', '', 2),
(611, 611, 'ANY', 'Medium', '', '', '', '', '', '', '', '', 5),
(612, 612, 'U', 'Large', '', '', '', '', '', '', '', '', 3),
(613, 613, 'CG', 'Huge', '', '', '', '', '', '', '', '', 9),
(614, 614, 'ANY', 'Medium', '', '', '', '', '', '', '', '', 0),
(615, 615, 'U', 'Huge', '', '', '', '', '', '', '', '', 5),
(616, 616, 'LN', 'Medium', '', '', '', '', '', '', '', '', 1),
(617, 617, 'CE', 'Medium', '', '', '', '', '', '', '', '', 0),
(618, 618, 'CE', 'Large', '', '', '', '', '', '', '', '', 5),
(619, 619, 'NE', 'Small', '', '', '', '', '', '', '', '', 0),
(620, 620, 'U', 'Huge', '', '', '', '', '', '', '', '', 8),
(621, 621, 'LE', 'Large', '', '', '', '', '', '', '', '', 9),
(622, 622, 'NE', 'Medium', '', '', '', '', '', '', '', '', 13),
(623, 623, 'CE', 'Large', '', '', '', '', '', '', '', '', 5),
(624, 624, 'LG', 'Large', '', '', '', '', '', '', '', '', 5),
(625, 625, 'LE', 'Medium', '', '', '', '', '', '', '', '', 13),
(626, 626, 'NE', 'Medium', '', '', '', '', '', '', '', '', 5),
(627, 627, 'CE', 'Medium', '', '', '', '', '', '', '', '', 3),
(628, 628, 'CE', 'Tiny', '', '', '', '', '', '', '', '', 1),
(629, 629, 'N', 'Small', '', '', '', '', '', '', '', '', 0),
(630, 630, 'N', 'Small', '', '', '', '', '', '', '', '', 2),
(631, 631, 'U', 'Tiny', '', '', '', '', '', '', '', '', 0),
(632, 632, 'CE', 'Large', '', '', '', '', '', '', '', '', 7),
(633, 633, 'ANY', 'Medium', '', '', '', '', '', '', '', '', 3),
(634, 634, 'NE', 'Medium', '', '', '', '', '', '', '', '', 1),
(635, 635, 'U', 'Medium', '', '', '', '', '', '', '', '', 0),
(636, 636, 'CE', 'Large', '', '', '', '', '', '', '', '', 6),
(637, 637, 'U', 'Medium', '', '', '', '', '', '', '', '', 0),
(638, 638, 'ANY', 'Medium', '', '', '', '', '', '', '', '', 9),
(639, 639, 'U', 'Large', '', '', '', '', '', '', '', '', 1),
(640, 640, 'LE', 'Large', '', '', '', '', '', '', '', '', 1),
(641, 641, 'ANY', 'Medium', '', '', '', '', '', '', '', '', 4),
(642, 642, 'ANY', 'Medium', '', '', '', '', '', '', '', '', 7),
(643, 643, 'ANY', 'Medium', '', '', '', '', '', '', '', '', 6),
(644, 644, 'ANY', 'Medium', '', '', '', '', '', '', '', '', 12),
(645, 645, 'CE', 'Large', '', '', '', '', '', '', '', '', 13),
(646, 646, 'N', 'Large', '', '', '', '', '', '', '', '', 5),
(647, 647, 'N', 'Medium', '', '', '', '', '', '', '', '', 7),
(648, 648, 'N', 'Large', '', '', '', '', '', '', '', '', 3),
(649, 649, 'U', 'Tiny', '', '', '', '', '', '', '', '', 0),
(650, 650, 'NG', 'Medium', '', '', '', '', '', '', '', '', 5),
(651, 651, 'NE', 'Medium', '', '', '', '', '', '', '', '', 4),
(652, 652, 'LE', 'Medium', '', '', '', '', '', '', '', '', 2),
(653, 653, 'N', 'Medium', '', '', '', '', '', '', '', '', 4),
(654, 654, 'CE', 'Medium', '', '', '', '', '', '', '', '', 3),
(655, 655, 'LE', 'Medium', '', '', '', '', '', '', '', '', 6),
(656, 656, 'CE', 'Huge', '', '', '', '', '', '', '', '', 13),
(657, 657, 'CE', 'Gargantuan', '', '', '', '', '', '', '', '', 20),
(658, 658, 'CE', 'Medium', '', '', '', '', '', '', '', '', 2),
(659, 659, 'CE', 'Large', '', '', '', '', '', '', '', '', 6),
(660, 660, 'NE', 'Medium', '', '', '', '', '', '', '', '', 3),
(661, 661, 'CE', 'Tiny', '', '', '', '', '', '', '', '', 2),
(662, 662, 'LE', 'Small', '', '', '', '', '', '', '', '', 0),
(663, 663, 'CN', 'Medium', '', '', '', '', '', '', '', '', 10),
(664, 664, 'NE', 'Large', '', '', '', '', '', '', '', '', 3),
(665, 665, 'U', 'Medium', '', '', '', '', '', '', '', '', 0),
(666, 666, 'LN', 'Medium', '', '', '', '', '', '', '', '', 5),
(667, 667, 'NE', 'Large', '', '', '', '', '', '', '', '', 1),
(668, 668, 'NE', 'Medium', '', '', '', '', '', '', '', '', 5),
(669, 669, 'U', 'Large', '', '', '', '', '', '', '', '', 6),
(670, 670, 'N', 'Medium', '', '', '', '', '', '', '', '', 5),
(671, 671, 'CE', 'Small', '', '', '', '', '', '', '', '', 0),
(672, 672, 'CE', 'Small', '', '', '', '', '', '', '', '', 1),
(673, 673, 'NE', 'Large', '', '', '', '', '', '', '', '', 11),
(674, 674, 'CE', 'Huge', '', '', '', '', '', '', '', '', 24),
(675, 675, 'NE', 'Large', '', '', '', '', '', '', '', '', 4),
(676, 676, 'CE', 'Large', '', '', '', '', '', '', '', '', 3),
(677, 677, 'CE', 'Medium', '', '', '', '', '', '', '', '', 10),
(678, 678, 'U', 'Small', '', '', '', '', '', '', '', '', 0),
(679, 679, 'U', 'Large', '', '', '', '', '', '', '', '', 5),
(680, 680, 'NE', 'Large', '', '', '', '', '', '', '', '', 7),
(681, 681, 'NE', 'Huge', '', '', '', '', '', '', '', '', 12),
(682, 682, 'NE', 'Medium', '', '', '', '', '', '', '', '', 2),
(683, 683, 'NE', 'Medium', '', '', '', '', '', '', '', '', 3),
(684, 684, 'NE', 'Medium', '', '', '', '', '', '', '', '', 4),
(685, 685, 'NE', 'Medium', '', '', '', '', '', '', '', '', 4),
(686, 686, 'NE', 'Medium', '', '', '', '', '', '', '', '', 5),
(687, 687, 'NE', 'Medium', '', '', '', '', '', '', '', '', 1),
(688, 688, 'N', 'Gargantuan', '', '', '', '', '', '', '', '', 22),
(689, 689, 'LE', 'Large', '', '', '', '', '', '', '', '', 26),
(690, 690, 'NE', 'Medium', '', '', '', '', '', '', '', '', 0),
(691, 691, 'CE', 'Large', '', '', '', '', '', '', '', '', 23);

-- --------------------------------------------------------

--
-- Table structure for table `monster_location`
--

DROP TABLE IF EXISTS `monster_location`;
CREATE TABLE `monster_location` (
  `monster_id` int(11) NOT NULL,
  `location` set('Arctic','Coastal','Desert','Forest','Grassland','Hill','Mountain','Swamp','Underdark','Underwater','Urban') NOT NULL
) ENGINE=InnoDB DEFAULT CHARSET=utf8;

--
-- Dumping data for table `monster_location`
--

INSERT INTO `monster_location` (`monster_id`, `location`) VALUES
(1, 'Mountain'),
(2, 'Urban'),
(3, 'Underdark'),
(4, 'Arctic'),
(6, 'Urban'),
(7, 'Desert'),
(7, 'Mountain'),
(7, 'Underdark'),
(8, 'Swamp'),
(8, 'Underdark'),
(8, 'Urban'),
(9, 'Desert'),
(9, 'Mountain'),
(11, 'Underdark'),
(12, 'Underdark'),
(12, 'Urban'),
(13, 'Swamp'),
(13, 'Urban'),
(14, 'Grassland'),
(16, 'Desert'),
(18, 'Forest'),
(18, 'Grassland'),
(19, 'Grassland'),
(20, 'Hill'),
(20, 'Mountain'),
(21, 'Forest'),
(22, 'Urban'),
(24, 'Forest'),
(24, 'Hill'),
(24, 'Mountain'),
(24, 'Swamp'),
(24, 'Underwater'),
(25, 'Forest'),
(25, 'Urban'),
(27, 'Underdark'),
(28, 'Urban'),
(30, 'Grassland'),
(30, 'Hill'),
(30, 'Mountain'),
(31, 'Forest'),
(32, 'Forest'),
(33, 'Forest'),
(34, 'Grassland'),
(34, 'Hill'),
(36, 'Underdark'),
(36, 'Urban'),
(37, 'Forest'),
(37, 'Hill'),
(38, 'Forest'),
(40, 'Coastal'),
(40, 'Mountain'),
(40, 'Underdark'),
(42, 'Urban'),
(43, 'Arctic'),
(43, 'Coastal'),
(43, 'Desert'),
(43, 'Forest'),
(43, 'Hill'),
(43, 'Urban'),
(44, 'Arctic'),
(44, 'Coastal'),
(44, 'Desert'),
(44, 'Forest'),
(44, 'Hill'),
(44, 'Urban'),
(45, 'Coastal'),
(48, 'Urban'),
(49, 'Forest'),
(49, 'Grassland'),
(49, 'Hill'),
(49, 'Mountain'),
(49, 'Underdark'),
(51, 'Mountain'),
(54, 'Underdark'),
(55, 'Underdark'),
(56, 'Underdark'),
(57, 'Desert'),
(58, 'Arctic'),
(58, 'Coastal'),
(58, 'Desert'),
(58, 'Forest'),
(58, 'Hill'),
(58, 'Mountain'),
(59, 'Arctic'),
(60, 'Urban'),
(61, 'Forest'),
(62, 'Swamp'),
(63, 'Swamp'),
(65, 'Swamp'),
(66, 'Underdark'),
(67, 'Underdark'),
(67, 'Urban'),
(68, 'Forest'),
(69, 'Arctic'),
(69, 'Coastal'),
(69, 'Forest'),
(69, 'Grassland'),
(69, 'Hill'),
(69, 'Mountain'),
(70, 'Coastal'),
(70, 'Urban'),
(71, 'Coastal'),
(71, 'Desert'),
(72, 'Coastal'),
(72, 'Desert'),
(74, 'Coastal'),
(74, 'Desert'),
(76, 'Forest'),
(76, 'Grassland'),
(76, 'Hill'),
(77, 'Swamp'),
(77, 'Underdark'),
(77, 'Urban'),
(78, 'Forest'),
(78, 'Hill'),
(78, 'Underdark'),
(78, 'Urban'),
(80, 'Underdark'),
(81, 'Arctic'),
(81, 'Desert'),
(81, 'Urban'),
(82, 'Desert'),
(83, 'Desert'),
(85, 'Coastal'),
(85, 'Desert'),
(86, 'Forest'),
(86, 'Grassland'),
(87, 'Coastal'),
(88, 'Coastal'),
(91, 'Forest'),
(91, 'Grassland'),
(91, 'Hill'),
(91, 'Mountain'),
(92, 'Arctic'),
(92, 'Forest'),
(93, 'Forest'),
(93, 'Grassland'),
(93, 'Underdark'),
(95, 'Grassland'),
(95, 'Hill'),
(95, 'Mountain'),
(97, 'Swamp'),
(98, 'Grassland'),
(99, 'Urban'),
(100, 'Desert'),
(101, 'Coastal'),
(101, 'Underdark'),
(101, 'Urban'),
(102, 'Underdark'),
(103, 'Desert'),
(103, 'Forest'),
(103, 'Grassland'),
(103, 'Urban'),
(104, 'Swamp'),
(105, 'Underdark'),
(106, 'Forest'),
(106, 'Grassland'),
(108, 'Desert'),
(108, 'Urban'),
(110, 'Grassland'),
(110, 'Hill'),
(110, 'Mountain'),
(110, 'Underdark'),
(111, 'Underdark'),
(112, 'Forest'),
(112, 'Mountain'),
(112, 'Urban'),
(113, 'Underdark'),
(114, 'Underdark'),
(117, 'Mountain'),
(118, 'Hill'),
(118, 'Mountain'),
(119, 'Grassland'),
(120, 'Arctic'),
(120, 'Coastal'),
(120, 'Desert'),
(120, 'Forest'),
(120, 'Grassland'),
(120, 'Hill'),
(120, 'Urban'),
(121, 'Urban'),
(122, 'Desert'),
(122, 'Forest'),
(122, 'Swamp'),
(122, 'Underwater'),
(123, 'Hill'),
(124, 'Hill'),
(126, 'Hill'),
(127, 'Forest'),
(127, 'Swamp'),
(127, 'Urban'),
(128, 'Desert'),
(128, 'Grassland'),
(128, 'Urban'),
(129, 'Grassland'),
(129, 'Underdark'),
(129, 'Urban'),
(130, 'Coastal'),
(131, 'Underdark'),
(131, 'Urban'),
(133, 'Swamp'),
(133, 'Urban'),
(134, 'Urban'),
(135, 'Urban'),
(136, 'Coastal'),
(136, 'Desert'),
(136, 'Grassland'),
(136, 'Hill'),
(136, 'Mountain'),
(136, 'Underdark'),
(137, 'Underdark'),
(138, 'Forest'),
(138, 'Swamp'),
(138, 'Underdark'),
(138, 'Urban'),
(139, 'Forest'),
(139, 'Swamp'),
(139, 'Underdark'),
(139, 'Urban'),
(140, 'Underdark'),
(141, 'Desert'),
(142, 'Underdark'),
(145, 'Underdark'),
(146, 'Urban'),
(147, 'Urban'),
(149, 'Coastal'),
(149, 'Underwater'),
(150, 'Forest'),
(150, 'Grassland'),
(151, 'Grassland'),
(151, 'Hill'),
(154, 'Mountain'),
(154, 'Underdark'),
(155, 'Underdark'),
(157, 'Underdark'),
(158, 'Underdark'),
(159, 'Coastal'),
(159, 'Swamp'),
(160, 'Arctic'),
(160, 'Forest'),
(160, 'Hill'),
(160, 'Mountain'),
(160, 'Underdark'),
(161, 'Forest'),
(161, 'Hill'),
(162, 'Forest'),
(163, 'Urban'),
(164, 'Coastal'),
(165, 'Coastal'),
(165, 'Underwater'),
(166, 'Underdark'),
(166, 'Urban'),
(167, 'Desert'),
(168, 'Underdark'),
(169, 'Urban'),
(170, 'Coastal'),
(170, 'Underwater'),
(172, 'Underdark'),
(173, 'Underdark'),
(174, 'Underdark'),
(175, 'Underdark'),
(176, 'Underdark'),
(177, 'Underdark'),
(178, 'Underdark'),
(179, 'Underdark'),
(180, 'Underdark'),
(182, 'Underdark'),
(183, 'Arctic'),
(183, 'Coastal'),
(183, 'Desert'),
(183, 'Forest'),
(183, 'Grassland'),
(183, 'Hill'),
(183, 'Mountain'),
(183, 'Swamp'),
(183, 'Underdark'),
(184, 'Forest'),
(185, 'Underdark'),
(186, 'Mountain'),
(186, 'Underdark'),
(187, 'Mountain'),
(187, 'Underdark'),
(188, 'Mountain'),
(188, 'Underdark'),
(189, 'Mountain'),
(189, 'Underdark'),
(190, 'Mountain'),
(190, 'Underdark'),
(191, 'Mountain'),
(191, 'Underdark'),
(192, 'Mountain'),
(192, 'Underdark'),
(193, 'Mountain'),
(193, 'Underdark'),
(194, 'Mountain'),
(194, 'Underdark'),
(196, 'Desert'),
(197, 'Desert'),
(197, 'Urban'),
(198, 'Coastal'),
(198, 'Grassland'),
(198, 'Hill'),
(198, 'Mountain'),
(199, 'Underdark'),
(201, 'Desert'),
(202, 'Coastal'),
(202, 'Desert'),
(202, 'Forest'),
(202, 'Grassland'),
(202, 'Mountain'),
(202, 'Urban'),
(203, 'Underdark'),
(204, 'Swamp'),
(204, 'Underdark'),
(204, 'Urban'),
(205, 'Arctic'),
(205, 'Coastal'),
(205, 'Grassland'),
(205, 'Hill'),
(205, 'Mountain'),
(206, 'Grassland'),
(207, 'Forest'),
(207, 'Grassland'),
(207, 'Hill'),
(209, 'Urban'),
(211, 'Forest'),
(212, 'Hill'),
(212, 'Mountain'),
(212, 'Underdark'),
(213, 'Urban'),
(214, 'Forest'),
(215, 'Underdark'),
(216, 'Desert'),
(218, 'Mountain'),
(218, 'Underdark'),
(219, 'Hill'),
(219, 'Mountain'),
(219, 'Underdark'),
(220, 'Underdark'),
(221, 'Hill'),
(221, 'Mountain'),
(221, 'Underdark'),
(222, 'Desert'),
(222, 'Hill'),
(222, 'Mountain'),
(222, 'Underdark'),
(223, 'Forest'),
(223, 'Swamp'),
(223, 'Underdark'),
(224, 'Underdark'),
(226, 'Arctic'),
(226, 'Forest'),
(226, 'Grassland'),
(226, 'Hill'),
(227, 'Underdark'),
(228, 'Desert'),
(228, 'Forest'),
(228, 'Grassland'),
(228, 'Urban'),
(233, 'Swamp'),
(233, 'Underdark'),
(234, 'Arctic'),
(234, 'Mountain'),
(235, 'Arctic'),
(235, 'Coastal'),
(236, 'Arctic'),
(237, 'Hill'),
(237, 'Mountain'),
(238, 'Underdark'),
(238, 'Urban'),
(239, 'Underdark'),
(240, 'Underdark'),
(242, 'Underdark'),
(244, 'Swamp'),
(244, 'Underdark'),
(244, 'Urban'),
(245, 'Underdark'),
(245, 'Urban'),
(246, 'Swamp'),
(246, 'Underdark'),
(246, 'Urban'),
(247, 'Forest'),
(248, 'Forest'),
(249, 'Forest'),
(249, 'Underdark'),
(250, 'Forest'),
(250, 'Grassland'),
(251, 'Underdark'),
(251, 'Urban'),
(252, 'Desert'),
(252, 'Forest'),
(252, 'Swamp'),
(252, 'Underdark'),
(252, 'Underwater'),
(253, 'Coastal'),
(254, 'Swamp'),
(255, 'Coastal'),
(255, 'Grassland'),
(255, 'Hill'),
(256, 'Forest'),
(256, 'Grassland'),
(256, 'Hill'),
(256, 'Mountain'),
(257, 'Underdark'),
(258, 'Forest'),
(258, 'Swamp'),
(259, 'Grassland'),
(259, 'Mountain'),
(260, 'Desert'),
(260, 'Forest'),
(260, 'Grassland'),
(260, 'Hill'),
(261, 'Coastal'),
(261, 'Desert'),
(261, 'Forest'),
(261, 'Swamp'),
(261, 'Underdark'),
(262, 'Underwater'),
(263, 'Arctic'),
(263, 'Forest'),
(263, 'Hill'),
(264, 'Desert'),
(264, 'Forest'),
(264, 'Grassland'),
(264, 'Swamp'),
(264, 'Underdark'),
(264, 'Urban'),
(265, 'Forest'),
(265, 'Swamp'),
(265, 'Underdark'),
(265, 'Urban'),
(266, 'Desert'),
(267, 'Underwater'),
(268, 'Underwater'),
(269, 'Desert'),
(269, 'Forest'),
(269, 'Swamp'),
(269, 'Underdark'),
(269, 'Urban'),
(270, 'Hill'),
(270, 'Mountain'),
(270, 'Underdark'),
(271, 'Coastal'),
(271, 'Forest'),
(271, 'Swamp'),
(271, 'Underdark'),
(272, 'Desert'),
(272, 'Grassland'),
(273, 'Forest'),
(273, 'Grassland'),
(273, 'Urban'),
(274, 'Forest'),
(274, 'Grassland'),
(274, 'Hill'),
(275, 'Coastal'),
(275, 'Desert'),
(275, 'Forest'),
(275, 'Grassland'),
(275, 'Hill'),
(276, 'Underdark'),
(277, 'Urban'),
(278, 'Forest'),
(279, 'Desert'),
(279, 'Mountain'),
(279, 'Urban'),
(280, 'Desert'),
(280, 'Mountain'),
(280, 'Urban'),
(282, 'Desert'),
(282, 'Mountain'),
(282, 'Urban'),
(285, 'Desert'),
(285, 'Mountain'),
(285, 'Urban'),
(289, 'Urban'),
(290, 'Underdark'),
(290, 'Urban'),
(291, 'Desert'),
(291, 'Forest'),
(291, 'Grassland'),
(292, 'Desert'),
(292, 'Grassland'),
(292, 'Hill'),
(293, 'Arctic'),
(293, 'Forest'),
(293, 'Grassland'),
(293, 'Hill'),
(294, 'Arctic'),
(294, 'Forest'),
(294, 'Grassland'),
(294, 'Hill'),
(295, 'Desert'),
(295, 'Forest'),
(295, 'Grassland'),
(295, 'Hill'),
(296, 'Arctic'),
(296, 'Forest'),
(296, 'Grassland'),
(296, 'Hill'),
(298, 'Hill'),
(298, 'Mountain'),
(298, 'Urban'),
(299, 'Forest'),
(299, 'Grassland'),
(299, 'Hill'),
(299, 'Underdark'),
(300, 'Forest'),
(300, 'Grassland'),
(300, 'Hill'),
(300, 'Underdark'),
(301, 'Forest'),
(301, 'Grassland'),
(302, 'Forest'),
(302, 'Grassland'),
(304, 'Forest'),
(304, 'Grassland'),
(305, 'Forest'),
(305, 'Grassland'),
(305, 'Hill'),
(307, 'Underdark'),
(308, 'Forest'),
(308, 'Hill'),
(311, 'Urban'),
(312, 'Forest'),
(313, 'Forest'),
(315, 'Forest'),
(316, 'Forest'),
(316, 'Hill'),
(316, 'Swamp'),
(318, 'Underdark'),
(319, 'Forest'),
(319, 'Underdark'),
(320, 'Forest'),
(320, 'Underdark'),
(321, 'Arctic'),
(321, 'Coastal'),
(321, 'Grassland'),
(321, 'Hill'),
(321, 'Mountain'),
(322, 'Underdark'),
(323, 'Forest'),
(324, 'Forest'),
(325, 'Forest'),
(326, 'Coastal'),
(326, 'Desert'),
(326, 'Forest'),
(326, 'Grassland'),
(326, 'Hill'),
(326, 'Mountain'),
(326, 'Urban'),
(327, 'Arctic'),
(327, 'Desert'),
(327, 'Forest'),
(327, 'Mountain'),
(327, 'Swamp'),
(327, 'Underdark'),
(327, 'Urban'),
(328, 'Desert'),
(328, 'Forest'),
(329, 'Desert'),
(330, 'Grassland'),
(330, 'Swamp'),
(331, 'Arctic'),
(331, 'Desert'),
(331, 'Forest'),
(331, 'Hill'),
(331, 'Mountain'),
(331, 'Underdark'),
(331, 'Urban'),
(333, 'Coastal'),
(333, 'Forest'),
(333, 'Hill'),
(333, 'Mountain'),
(335, 'Mountain'),
(335, 'Underdark'),
(339, 'Hill'),
(340, 'Grassland'),
(340, 'Hill'),
(340, 'Mountain'),
(341, 'Desert'),
(341, 'Forest'),
(341, 'Grassland'),
(341, 'Underdark'),
(342, 'Desert'),
(342, 'Forest'),
(342, 'Grassland'),
(342, 'Hill'),
(342, 'Underdark'),
(343, 'Forest'),
(343, 'Grassland'),
(343, 'Hill'),
(344, 'Forest'),
(344, 'Grassland'),
(344, 'Hill'),
(347, 'Underdark'),
(349, 'Grassland'),
(349, 'Hill'),
(349, 'Underdark'),
(350, 'Underwater'),
(352, 'Swamp'),
(354, 'Desert'),
(354, 'Forest'),
(354, 'Hill'),
(356, 'Arctic'),
(357, 'Urban'),
(359, 'Underdark'),
(360, 'Urban'),
(361, 'Forest'),
(361, 'Grassland'),
(361, 'Hill'),
(361, 'Mountain'),
(363, 'Desert'),
(363, 'Grassland'),
(364, 'Desert'),
(364, 'Grassland'),
(366, 'Forest'),
(366, 'Urban'),
(367, 'Coastal'),
(367, 'Desert'),
(367, 'Grassland'),
(367, 'Hill'),
(367, 'Mountain'),
(368, 'Underwater'),
(369, 'Urban'),
(370, 'Arctic'),
(370, 'Coastal'),
(370, 'Desert'),
(370, 'Forest'),
(370, 'Hill'),
(370, 'Mountain'),
(370, 'Swamp'),
(370, 'Underdark'),
(370, 'Urban'),
(371, 'Forest'),
(371, 'Hill'),
(371, 'Mountain'),
(371, 'Underdark'),
(372, 'Forest'),
(372, 'Hill'),
(372, 'Mountain'),
(372, 'Underdark'),
(372, 'Urban'),
(373, 'Forest'),
(373, 'Hill'),
(373, 'Mountain'),
(373, 'Underdark'),
(373, 'Urban'),
(374, 'Forest'),
(375, 'Underwater'),
(376, 'Coastal'),
(376, 'Underwater'),
(377, 'Desert'),
(377, 'Mountain'),
(377, 'Underdark'),
(378, 'Underdark'),
(379, 'Underdark'),
(380, 'Underdark'),
(381, 'Desert'),
(383, 'Desert'),
(383, 'Grassland'),
(384, 'Coastal'),
(384, 'Underwater'),
(386, 'Desert'),
(386, 'Grassland'),
(386, 'Hill'),
(386, 'Mountain'),
(389, 'Forest'),
(389, 'Swamp'),
(390, 'Forest'),
(390, 'Swamp'),
(391, 'Urban'),
(392, 'Underdark'),
(394, 'Underdark'),
(395, 'Arctic'),
(397, 'Arctic'),
(397, 'Coastal'),
(397, 'Grassland'),
(397, 'Hill'),
(397, 'Mountain'),
(398, 'Coastal'),
(398, 'Underwater'),
(400, 'Urban'),
(402, 'Urban'),
(403, 'Forest'),
(403, 'Hill'),
(403, 'Urban'),
(404, 'Swamp'),
(404, 'Urban'),
(405, 'Underdark'),
(406, 'Desert'),
(406, 'Forest'),
(406, 'Grassland'),
(406, 'Hill'),
(406, 'Mountain'),
(406, 'Swamp'),
(406, 'Underdark'),
(406, 'Urban'),
(407, 'Desert'),
(408, 'Forest'),
(408, 'Swamp'),
(408, 'Urban'),
(409, 'Coastal'),
(409, 'Underwater'),
(411, 'Coastal'),
(412, 'Coastal'),
(412, 'Underwater'),
(414, 'Underdark'),
(414, 'Urban'),
(415, 'Underdark'),
(416, 'Underdark'),
(417, 'Underdark'),
(422, 'Coastal'),
(422, 'Underwater'),
(423, 'Grassland'),
(423, 'Hill'),
(424, 'Swamp'),
(425, 'Desert'),
(425, 'Hill'),
(425, 'Urban'),
(426, 'Desert'),
(427, 'Desert'),
(428, 'Underdark'),
(430, 'Underdark'),
(431, 'Swamp'),
(431, 'Underdark'),
(431, 'Urban'),
(432, 'Coastal'),
(432, 'Desert'),
(432, 'Forest'),
(432, 'Swamp'),
(432, 'Underdark'),
(432, 'Urban'),
(435, 'Desert'),
(435, 'Urban'),
(436, 'Forest'),
(437, 'Hill'),
(437, 'Underdark'),
(438, 'Hill'),
(438, 'Underdark'),
(439, 'Hill'),
(439, 'Underdark'),
(440, 'Underdark'),
(443, 'Arctic'),
(443, 'Desert'),
(443, 'Swamp'),
(443, 'Underdark'),
(444, 'Forest'),
(444, 'Hill'),
(444, 'Underdark'),
(445, 'Urban'),
(446, 'Underdark'),
(449, 'Forest'),
(449, 'Grassland'),
(449, 'Hill'),
(449, 'Mountain'),
(450, 'Underdark'),
(450, 'Urban'),
(451, 'Underdark'),
(453, 'Arctic'),
(453, 'Coastal'),
(453, 'Desert'),
(453, 'Forest'),
(453, 'Grassland'),
(453, 'Mountain'),
(453, 'Swamp'),
(453, 'Underdark'),
(454, 'Grassland'),
(454, 'Hill'),
(454, 'Mountain'),
(455, 'Grassland'),
(455, 'Hill'),
(455, 'Mountain'),
(456, 'Grassland'),
(456, 'Hill'),
(456, 'Mountain'),
(457, 'Grassland'),
(457, 'Hill'),
(457, 'Mountain'),
(459, 'Desert'),
(459, 'Underdark'),
(460, 'Forest'),
(460, 'Urban'),
(461, 'Arctic'),
(461, 'Forest'),
(461, 'Grassland'),
(461, 'Hill'),
(461, 'Mountain'),
(461, 'Swamp'),
(461, 'Underdark'),
(462, 'Forest'),
(462, 'Grassland'),
(462, 'Hill'),
(462, 'Mountain'),
(462, 'Underdark'),
(463, 'Mountain'),
(463, 'Underdark'),
(464, 'Arctic'),
(464, 'Forest'),
(464, 'Grassland'),
(464, 'Hill'),
(464, 'Mountain'),
(464, 'Swamp'),
(464, 'Underdark'),
(465, 'Forest'),
(465, 'Grassland'),
(465, 'Hill'),
(465, 'Mountain'),
(465, 'Underdark'),
(466, 'Forest'),
(466, 'Grassland'),
(466, 'Hill'),
(466, 'Mountain'),
(466, 'Underdark'),
(467, 'Forest'),
(467, 'Hill'),
(467, 'Mountain'),
(467, 'Underdark'),
(467, 'Urban'),
(470, 'Arctic'),
(470, 'Forest'),
(470, 'Grassland'),
(470, 'Hill'),
(470, 'Mountain'),
(470, 'Underdark'),
(471, 'Desert'),
(471, 'Underdark'),
(471, 'Urban'),
(472, 'Underdark'),
(473, 'Arctic'),
(473, 'Forest'),
(474, 'Forest'),
(475, 'Forest'),
(475, 'Grassland'),
(475, 'Hill'),
(476, 'Forest'),
(476, 'Grassland'),
(476, 'Hill'),
(478, 'Hill'),
(478, 'Mountain'),
(479, 'Desert'),
(479, 'Forest'),
(479, 'Grassland'),
(479, 'Hill'),
(479, 'Underdark'),
(479, 'Urban'),
(480, 'Desert'),
(480, 'Mountain'),
(481, 'Underdark'),
(483, 'Forest'),
(485, 'Coastal'),
(485, 'Underwater'),
(486, 'Coastal'),
(486, 'Desert'),
(486, 'Forest'),
(486, 'Grassland'),
(486, 'Hill'),
(486, 'Swamp'),
(487, 'Arctic'),
(487, 'Underdark'),
(488, 'Urban'),
(489, 'Urban'),
(490, 'Coastal'),
(490, 'Desert'),
(490, 'Forest'),
(490, 'Hill'),
(490, 'Mountain'),
(490, 'Urban'),
(491, 'Coastal'),
(491, 'Grassland'),
(491, 'Mountain'),
(492, 'Desert'),
(492, 'Underdark'),
(494, 'Underdark'),
(495, 'Underdark'),
(497, 'Coastal'),
(497, 'Hill'),
(497, 'Mountain'),
(498, 'Forest'),
(499, 'Underwater'),
(500, 'Urban'),
(501, 'Swamp'),
(501, 'Urban'),
(502, 'Hill'),
(502, 'Swamp'),
(502, 'Urban'),
(503, 'Mountain'),
(503, 'Urban'),
(504, 'Hill'),
(504, 'Mountain'),
(505, 'Hill'),
(505, 'Mountain'),
(507, 'Hill'),
(507, 'Mountain'),
(509, 'Forest'),
(509, 'Hill'),
(509, 'Swamp'),
(510, 'Underwater'),
(511, 'Arctic'),
(512, 'Desert'),
(512, 'Forest'),
(512, 'Underdark'),
(513, 'Arctic'),
(513, 'Desert'),
(513, 'Forest'),
(513, 'Hill'),
(513, 'Swamp'),
(513, 'Urban'),
(514, 'Grassland'),
(515, 'Grassland'),
(515, 'Urban'),
(516, 'Arctic'),
(516, 'Coastal'),
(516, 'Desert'),
(516, 'Hill'),
(516, 'Mountain'),
(517, 'Underdark'),
(518, 'Desert'),
(518, 'Forest'),
(518, 'Swamp'),
(518, 'Underdark'),
(520, 'Underdark'),
(522, 'Arctic'),
(522, 'Mountain'),
(523, 'Coastal'),
(523, 'Desert'),
(523, 'Forest'),
(523, 'Grassland'),
(523, 'Mountain'),
(523, 'Urban'),
(524, 'Coastal'),
(524, 'Underwater'),
(525, 'Coastal'),
(525, 'Underwater'),
(526, 'Coastal'),
(526, 'Underwater'),
(527, 'Underdark'),
(528, 'Forest'),
(529, 'Grassland'),
(530, 'Desert'),
(531, 'Arctic'),
(531, 'Coastal'),
(531, 'Desert'),
(531, 'Forest'),
(531, 'Grassland'),
(531, 'Mountain'),
(531, 'Swamp'),
(531, 'Underdark'),
(532, 'Coastal'),
(532, 'Underwater'),
(534, 'Coastal'),
(534, 'Underwater'),
(535, 'Underdark'),
(535, 'Urban'),
(536, 'Forest'),
(536, 'Underdark'),
(536, 'Urban'),
(538, 'Underdark'),
(539, 'Forest'),
(539, 'Hill'),
(539, 'Swamp'),
(540, 'Forest'),
(540, 'Swamp'),
(541, 'Urban'),
(542, 'Arctic'),
(542, 'Forest'),
(542, 'Grassland'),
(542, 'Hill'),
(543, 'Underdark'),
(544, 'Underdark'),
(545, 'Mountain'),
(545, 'Urban'),
(546, 'Mountain'),
(546, 'Urban'),
(548, 'Mountain'),
(548, 'Urban'),
(549, 'Urban'),
(550, 'Coastal'),
(550, 'Forest'),
(550, 'Swamp'),
(550, 'Underdark'),
(550, 'Urban'),
(551, 'Desert'),
(551, 'Swamp'),
(551, 'Underdark'),
(553, 'Underdark'),
(553, 'Urban'),
(554, 'Urban'),
(556, 'Underdark'),
(556, 'Urban'),
(557, 'Desert'),
(557, 'Underdark'),
(558, 'Underdark'),
(559, 'Underdark'),
(559, 'Urban'),
(562, 'Underdark'),
(563, 'Coastal'),
(563, 'Forest'),
(563, 'Swamp'),
(563, 'Underdark'),
(564, 'Forest'),
(564, 'Grassland'),
(565, 'Forest'),
(566, 'Urban'),
(567, 'Mountain'),
(567, 'Swamp'),
(569, 'Mountain'),
(571, 'Mountain'),
(571, 'Swamp'),
(571, 'Urban'),
(572, 'Underwater'),
(573, 'Urban'),
(574, 'Forest'),
(574, 'Grassland'),
(575, 'Coastal'),
(575, 'Desert'),
(575, 'Grassland'),
(575, 'Hill'),
(575, 'Mountain'),
(575, 'Swamp'),
(575, 'Underdark'),
(575, 'Urban'),
(576, 'Desert'),
(576, 'Mountain'),
(576, 'Urban'),
(577, 'Forest'),
(577, 'Grassland'),
(577, 'Hill'),
(577, 'Mountain'),
(578, 'Hill'),
(578, 'Mountain'),
(579, 'Coastal'),
(579, 'Hill'),
(579, 'Mountain'),
(581, 'Coastal'),
(581, 'Underwater'),
(582, 'Arctic'),
(582, 'Coastal'),
(582, 'Desert'),
(582, 'Hill'),
(582, 'Mountain'),
(582, 'Underwater'),
(583, 'Urban'),
(584, 'Desert'),
(584, 'Forest'),
(585, 'Hill'),
(585, 'Mountain'),
(585, 'Underdark'),
(585, 'Urban'),
(586, 'Underdark'),
(586, 'Urban'),
(587, 'Desert'),
(587, 'Forest'),
(587, 'Grassland'),
(587, 'Swamp'),
(587, 'Underdark'),
(587, 'Urban'),
(588, 'Forest'),
(588, 'Swamp'),
(589, 'Underwater'),
(590, 'Swamp'),
(590, 'Urban'),
(591, 'Forest'),
(591, 'Hill'),
(591, 'Swamp'),
(591, 'Urban'),
(592, 'Swamp'),
(592, 'Underdark'),
(593, 'Coastal'),
(593, 'Urban'),
(594, 'Grassland'),
(594, 'Swamp'),
(595, 'Grassland'),
(595, 'Swamp'),
(596, 'Hill'),
(596, 'Mountain'),
(596, 'Underdark'),
(597, 'Urban'),
(598, 'Underdark'),
(598, 'Urban'),
(599, 'Forest'),
(599, 'Underdark'),
(599, 'Urban'),
(600, 'Coastal'),
(600, 'Desert'),
(600, 'Mountain'),
(600, 'Underdark'),
(600, 'Urban'),
(601, 'Arctic'),
(601, 'Desert'),
(601, 'Forest'),
(601, 'Mountain'),
(601, 'Swamp'),
(601, 'Underdark'),
(602, 'Mountain'),
(602, 'Swamp'),
(602, 'Underdark'),
(602, 'Urban'),
(603, 'Forest'),
(603, 'Swamp'),
(604, 'Desert'),
(604, 'Grassland'),
(605, 'Urban'),
(606, 'Forest'),
(606, 'Grassland'),
(608, 'Desert'),
(609, 'Coastal'),
(610, 'Coastal'),
(611, 'Urban'),
(612, 'Underdark'),
(613, 'Forest'),
(614, 'Arctic'),
(614, 'Coastal'),
(614, 'Desert'),
(614, 'Forest'),
(614, 'Grassland'),
(614, 'Hill'),
(614, 'Mountain'),
(614, 'Swamp'),
(614, 'Underdark'),
(615, 'Grassland'),
(617, 'Underdark'),
(618, 'Arctic'),
(618, 'Forest'),
(618, 'Hill'),
(618, 'Mountain'),
(618, 'Swamp'),
(618, 'Underdark'),
(619, 'Forest'),
(620, 'Grassland'),
(621, 'Underdark'),
(623, 'Underdark'),
(624, 'Forest'),
(625, 'Urban'),
(626, 'Underdark'),
(626, 'Urban'),
(627, 'Arctic'),
(627, 'Coastal'),
(627, 'Forest'),
(627, 'Grassland'),
(627, 'Mountain'),
(627, 'Swamp'),
(627, 'Underdark'),
(627, 'Urban'),
(628, 'Desert'),
(628, 'Swamp'),
(628, 'Underdark'),
(629, 'Swamp'),
(630, 'Forest'),
(630, 'Swamp'),
(631, 'Forest'),
(631, 'Grassland'),
(632, 'Forest'),
(632, 'Swamp'),
(632, 'Underdark'),
(633, 'Arctic'),
(633, 'Coastal'),
(633, 'Forest'),
(633, 'Grassland'),
(633, 'Hill'),
(633, 'Mountain'),
(633, 'Underdark'),
(633, 'Urban'),
(634, 'Forest'),
(635, 'Underdark'),
(637, 'Desert'),
(637, 'Grassland'),
(637, 'Hill'),
(638, 'Desert'),
(638, 'Urban'),
(639, 'Urban'),
(641, 'Arctic'),
(641, 'Forest'),
(641, 'Mountain'),
(641, 'Swamp'),
(641, 'Urban'),
(642, 'Arctic'),
(642, 'Desert'),
(642, 'Underdark'),
(642, 'Urban'),
(643, 'Arctic'),
(643, 'Hill'),
(643, 'Mountain'),
(643, 'Underdark'),
(643, 'Urban'),
(644, 'Urban'),
(645, 'Coastal'),
(645, 'Swamp'),
(645, 'Underdark'),
(645, 'Underwater'),
(646, 'Coastal'),
(646, 'Swamp'),
(646, 'Underwater'),
(648, 'Underdark'),
(648, 'Urban'),
(650, 'Arctic'),
(650, 'Forest'),
(651, 'Grassland'),
(651, 'Hill'),
(652, 'Forest'),
(652, 'Grassland'),
(652, 'Urban'),
(653, 'Desert'),
(654, 'Forest'),
(654, 'Hill'),
(655, 'Urban'),
(656, 'Arctic'),
(657, 'Arctic'),
(659, 'Arctic'),
(660, 'Desert'),
(660, 'Swamp'),
(660, 'Underdark'),
(660, 'Urban'),
(661, 'Forest'),
(661, 'Swamp'),
(661, 'Urban'),
(662, 'Arctic'),
(662, 'Coastal'),
(662, 'Desert'),
(662, 'Forest'),
(662, 'Hill'),
(662, 'Mountain'),
(662, 'Swamp'),
(662, 'Underdark'),
(662, 'Urban'),
(663, 'Arctic'),
(663, 'Forest'),
(664, 'Arctic'),
(665, 'Forest'),
(665, 'Grassland'),
(665, 'Hill'),
(666, 'Forest'),
(667, 'Forest'),
(667, 'Grassland'),
(668, 'Underdark'),
(669, 'Hill'),
(669, 'Mountain'),
(670, 'Underdark'),
(671, 'Hill'),
(671, 'Underdark'),
(672, 'Hill'),
(672, 'Underdark'),
(673, 'Urban'),
(675, 'Forest'),
(675, 'Grassland'),
(675, 'Hill'),
(676, 'Arctic'),
(678, 'Desert'),
(678, 'Mountain'),
(678, 'Underdark'),
(679, 'Arctic'),
(680, 'Desert'),
(680, 'Forest'),
(680, 'Swamp'),
(680, 'Urban'),
(681, 'Desert'),
(681, 'Forest'),
(681, 'Underdark'),
(682, 'Desert'),
(682, 'Forest'),
(682, 'Underdark'),
(683, 'Desert'),
(683, 'Forest'),
(683, 'Swamp'),
(683, 'Urban'),
(684, 'Desert'),
(684, 'Forest'),
(684, 'Underdark'),
(685, 'Desert'),
(685, 'Forest'),
(685, 'Underdark'),
(686, 'Desert'),
(686, 'Forest'),
(686, 'Underdark'),
(687, 'Desert'),
(687, 'Forest'),
(687, 'Swamp'),
(687, 'Urban'),
(688, 'Desert'),
(688, 'Forest'),
(688, 'Grassland'),
(688, 'Hill'),
(688, 'Mountain'),
(688, 'Underdark'),
(690, 'Urban');

-- --------------------------------------------------------

--
-- Table structure for table `monster_stats`
--

DROP TABLE IF EXISTS `monster_stats`;
CREATE TABLE `monster_stats` (
  `id` int(11) NOT NULL,
  `monster_id` int(11) NOT NULL,
  `str_score` int(11) NOT NULL,
  `dex_score` int(11) NOT NULL,
  `con_score` int(11) NOT NULL,
  `int_score` int(11) NOT NULL,
  `wis_score` int(11) NOT NULL,
  `cha_score` int(11) NOT NULL,
  `armor_class` int(11) NOT NULL,
  `hit_points` int(11) NOT NULL
) ENGINE=InnoDB DEFAULT CHARSET=utf8 ROW_FORMAT=COMPACT;

--
-- Dumping data for table `monster_stats`
--

INSERT INTO `monster_stats` (`id`, `monster_id`, `str_score`, `dex_score`, `con_score`, `int_score`, `wis_score`, `cha_score`, `armor_class`, `hit_points`) VALUES
(1, 1, 10, 14, 10, 11, 12, 11, 12, 13),
(2, 2, 9, 14, 14, 18, 12, 11, 12, 84),
(3, 3, 21, 9, 15, 18, 15, 18, 17, 135),
(4, 4, 24, 10, 22, 9, 13, 9, 15, 137),
(5, 5, 9, 12, 11, 5, 8, 5, 11, 18),
(6, 6, 10, 10, 10, 10, 14, 11, 10, 9),
(7, 7, 15, 16, 15, 7, 12, 8, 18, 39),
(8, 8, 8, 19, 16, 19, 12, 15, 14, 75),
(9, 9, 14, 20, 14, 6, 10, 6, 15, 90),
(10, 10, 18, 14, 14, 9, 10, 10, 18, 117),
(11, 11, 11, 12, 16, 19, 17, 17, 15, 120),
(12, 12, 12, 19, 22, 6, 11, 7, 17, 157),
(13, 13, 6, 17, 10, 17, 15, 16, 13, 40),
(14, 14, 19, 13, 17, 2, 12, 5, 13, 51),
(15, 15, 11, 13, 16, 20, 12, 18, 21, 202),
(16, 16, 22, 10, 20, 16, 18, 23, 17, 199),
(17, 17, 14, 11, 13, 1, 3, 1, 18, 33),
(18, 18, 17, 11, 13, 1, 13, 6, 14, 39),
(19, 19, 19, 11, 15, 2, 12, 5, 15, 68),
(20, 20, 21, 12, 14, 13, 14, 15, 17, 75),
(21, 21, 16, 14, 14, 6, 12, 7, 12, 19),
(22, 22, 10, 10, 10, 14, 10, 11, 10, 9),
(23, 23, 17, 12, 14, 20, 16, 17, 17, 104),
(24, 24, 10, 14, 12, 12, 20, 11, 16, 132),
(25, 25, 11, 18, 16, 11, 13, 10, 16, 75),
(26, 26, 10, 14, 12, 20, 15, 16, 12, 99),
(27, 27, 21, 18, 21, 8, 12, 13, 16, 84),
(28, 28, 11, 16, 14, 13, 11, 10, 15, 78),
(29, 29, 28, 7, 25, 5, 14, 18, 20, 297),
(30, 30, 20, 10, 19, 2, 12, 5, 11, 38),
(31, 31, 12, 16, 16, 14, 17, 18, 19, 127),
(32, 32, 3, 8, 11, 10, 10, 6, 9, 10),
(33, 33, 19, 6, 15, 10, 10, 7, 13, 59),
(34, 34, 14, 12, 12, 2, 10, 5, 11, 19),
(35, 35, 17, 12, 15, 12, 13, 10, 17, 39),
(36, 36, 19, 16, 16, 11, 12, 13, 16, 82),
(37, 37, 8, 14, 11, 4, 12, 6, 12, 3),
(38, 38, 4, 11, 12, 2, 12, 5, 10, 3),
(39, 39, 24, 17, 20, 21, 24, 24, 18, 189),
(40, 40, 17, 8, 18, 6, 15, 8, 17, 114),
(41, 41, 26, 15, 22, 20, 16, 22, 19, 262),
(42, 42, 20, 12, 20, 11, 14, 8, 15, 84),
(43, 43, 11, 12, 12, 10, 10, 10, 12, 11),
(44, 44, 15, 16, 14, 14, 11, 14, 15, 65),
(45, 45, 1, 14, 10, 12, 11, 17, 12, 58),
(46, 46, 30, 14, 26, 18, 24, 16, 22, 275),
(47, 47, 16, 17, 18, 12, 14, 14, 15, 110),
(48, 48, 11, 14, 12, 10, 13, 14, 15, 44),
(49, 49, 19, 15, 14, 13, 12, 14, 17, 90),
(50, 50, 18, 15, 16, 7, 14, 9, 15, 68),
(51, 51, 16, 8, 15, 2, 8, 7, 15, 52),
(52, 52, 2, 15, 8, 2, 12, 4, 12, 1),
(53, 53, 16, 15, 15, 9, 11, 11, 13, 52),
(54, 54, 23, 16, 18, 7, 16, 12, 17, 168),
(55, 55, 10, 14, 18, 17, 15, 17, 18, 180),
(56, 56, 10, 8, 16, 3, 8, 5, 15, 93),
(57, 57, 9, 16, 9, 17, 11, 10, 14, 38),
(58, 58, 16, 12, 17, 9, 11, 9, 13, 67),
(59, 59, 13, 16, 14, 12, 13, 16, 17, 91),
(60, 60, 14, 17, 14, 13, 16, 11, 15, 58),
(61, 61, 15, 10, 14, 2, 12, 7, 11, 19),
(62, 62, 23, 14, 21, 14, 13, 17, 19, 195),
(63, 63, 27, 14, 25, 16, 15, 19, 22, 367),
(64, 64, 15, 14, 13, 10, 11, 13, 17, 33),
(65, 65, 19, 14, 17, 12, 11, 15, 18, 127),
(66, 66, 16, 5, 16, 1, 6, 1, 7, 85),
(67, 67, 18, 11, 18, 11, 14, 15, 18, 153),
(68, 68, 12, 17, 12, 10, 13, 11, 13, 22),
(69, 69, 6, 14, 10, 3, 14, 5, 12, 7),
(70, 70, 15, 14, 17, 22, 23, 18, 19, 195),
(71, 71, 25, 10, 23, 16, 15, 19, 19, 225),
(72, 72, 29, 10, 27, 18, 17, 21, 22, 481),
(73, 73, 17, 10, 15, 12, 11, 15, 17, 52),
(74, 74, 21, 10, 19, 14, 13, 17, 18, 152),
(75, 75, 20, 15, 18, 7, 7, 9, 15, 123),
(76, 76, 13, 11, 12, 2, 9, 5, 11, 11),
(77, 77, 15, 16, 15, 7, 12, 12, 15, 58),
(78, 78, 8, 18, 13, 6, 12, 7, 14, 18),
(79, 79, 18, 16, 18, 13, 14, 16, 19, 142),
(80, 80, 15, 16, 12, 15, 15, 16, 15, 58),
(81, 81, 19, 16, 15, 13, 15, 9, 16, 127),
(82, 82, 23, 10, 21, 14, 13, 17, 18, 172),
(83, 83, 27, 10, 25, 16, 15, 19, 20, 297),
(84, 84, 15, 10, 13, 10, 11, 13, 16, 16),
(85, 85, 19, 10, 17, 12, 11, 15, 17, 110),
(86, 86, 21, 9, 17, 2, 10, 7, 15, 121),
(87, 87, 25, 10, 23, 16, 15, 19, 19, 212),
(88, 88, 29, 10, 27, 18, 17, 21, 22, 444),
(89, 89, 17, 10, 15, 12, 11, 15, 17, 32),
(90, 90, 21, 10, 19, 14, 13, 17, 18, 142),
(91, 91, 10, 16, 11, 3, 14, 1, 13, 18),
(92, 92, 19, 10, 16, 2, 13, 7, 11, 34),
(93, 93, 15, 14, 13, 8, 11, 9, 16, 27),
(94, 94, 17, 14, 14, 11, 12, 11, 17, 65),
(95, 95, 19, 11, 21, 2, 10, 5, 17, 94),
(96, 96, 15, 14, 17, 8, 9, 6, 14, 52),
(97, 97, 12, 12, 13, 7, 10, 7, 15, 11),
(98, 98, 21, 14, 20, 5, 11, 8, 17, 189),
(99, 99, 18, 18, 16, 14, 12, 16, 19, 82),
(100, 100, 16, 8, 14, 2, 8, 5, 9, 15),
(101, 101, 18, 10, 17, 5, 17, 12, 16, 120),
(102, 102, 14, 13, 16, 1, 12, 5, 13, 51),
(103, 103, 3, 15, 10, 3, 12, 7, 12, 2),
(104, 104, 19, 12, 21, 3, 14, 8, 14, 84),
(105, 105, 16, 13, 14, 3, 10, 3, 16, 58),
(106, 106, 18, 14, 14, 9, 13, 11, 12, 45),
(107, 107, 18, 15, 18, 11, 12, 14, 16, 85),
(108, 108, 20, 15, 14, 10, 14, 12, 18, 143),
(109, 109, 15, 15, 12, 11, 14, 10, 15, 84),
(110, 110, 19, 11, 19, 3, 14, 10, 14, 114),
(111, 111, 10, 14, 12, 10, 10, 7, 14, 18),
(112, 112, 16, 14, 13, 4, 12, 7, 16, 13),
(113, 113, 12, 16, 12, 11, 14, 10, 15, 66),
(114, 114, 19, 10, 16, 5, 11, 5, 16, 93),
(115, 115, 20, 9, 18, 3, 8, 1, 14, 133),
(116, 116, 17, 15, 12, 13, 12, 14, 14, 78),
(117, 117, 27, 10, 22, 12, 16, 16, 14, 200),
(118, 118, 26, 12, 22, 15, 16, 17, 15, 262),
(119, 119, 6, 12, 12, 2, 13, 5, 11, 27),
(120, 120, 10, 10, 10, 10, 10, 10, 10, 4),
(121, 121, 9, 14, 11, 17, 12, 11, 12, 40),
(122, 122, 15, 14, 12, 1, 10, 3, 12, 13),
(123, 123, 23, 12, 21, 18, 15, 17, 18, 184),
(124, 124, 27, 12, 25, 20, 17, 19, 21, 350),
(125, 125, 15, 12, 13, 14, 11, 13, 16, 22),
(126, 126, 19, 12, 17, 16, 13, 15, 17, 119),
(127, 127, 14, 14, 16, 7, 15, 3, 12, 127),
(128, 128, 16, 20, 17, 18, 20, 18, 19, 97),
(129, 129, 18, 10, 14, 2, 10, 4, 10, 15),
(130, 130, 2, 11, 10, 1, 8, 2, 11, 2),
(131, 131, 2, 14, 10, 4, 11, 8, 12, 2),
(132, 132, 13, 14, 11, 5, 10, 4, 12, 2),
(133, 133, 15, 10, 13, 2, 10, 5, 12, 19),
(134, 134, 11, 14, 12, 10, 13, 14, 13, 33),
(135, 135, 11, 12, 10, 10, 11, 10, 12, 9),
(136, 136, 22, 11, 20, 8, 6, 10, 14, 138),
(137, 137, 23, 12, 24, 12, 13, 14, 18, 187),
(138, 138, 9, 16, 12, 10, 12, 10, 14, 13),
(139, 139, 13, 17, 12, 10, 14, 13, 15, 27),
(140, 140, 16, 12, 13, 2, 10, 5, 11, 22),
(141, 141, 15, 14, 14, 3, 13, 6, 12, 39),
(142, 142, 18, 14, 18, 10, 12, 10, 16, 161),
(143, 143, 20, 11, 20, 12, 16, 18, 20, 180),
(144, 144, 20, 15, 19, 15, 10, 16, 18, 170),
(145, 145, 10, 14, 14, 19, 15, 19, 19, 187),
(146, 146, 11, 15, 10, 14, 12, 16, 12, 36),
(147, 147, 11, 16, 12, 15, 12, 17, 13, 110),
(148, 148, 11, 14, 16, 12, 14, 16, 12, 37),
(149, 149, 18, 13, 16, 10, 12, 14, 11, 67),
(150, 150, 11, 16, 11, 2, 14, 5, 13, 4),
(151, 151, 15, 15, 14, 4, 12, 6, 13, 26),
(152, 152, 1, 20, 10, 20, 17, 20, 20, 80),
(153, 153, 29, 14, 26, 20, 17, 25, 22, 406),
(154, 154, 10, 14, 12, 11, 5, 9, 13, 13),
(155, 155, 9, 14, 12, 11, 5, 14, 13, 36),
(156, 156, 18, 18, 18, 17, 20, 20, 17, 136),
(157, 157, 20, 12, 20, 13, 10, 16, 16, 178),
(158, 158, 17, 10, 19, 7, 10, 9, 15, 119),
(159, 159, 14, 10, 15, 2, 10, 5, 12, 19),
(160, 160, 22, 15, 21, 9, 11, 5, 15, 172),
(161, 161, 17, 15, 15, 3, 12, 7, 14, 37),
(162, 162, 18, 15, 16, 6, 12, 8, 13, 85),
(163, 163, 9, 14, 11, 18, 12, 11, 12, 67),
(164, 164, 21, 15, 22, 15, 16, 20, 17, 161),
(165, 165, 14, 13, 13, 6, 12, 7, 12, 11),
(166, 166, 11, 18, 14, 11, 12, 14, 14, 52),
(167, 167, 25, 10, 23, 16, 15, 19, 19, 225),
(168, 168, 20, 15, 18, 13, 11, 11, 15, 123),
(169, 169, 18, 10, 12, 2, 11, 7, 10, 19),
(170, 170, 25, 10, 20, 10, 12, 12, 20, 341),
(171, 171, 11, 11, 12, 5, 8, 3, 11, 18),
(172, 172, 16, 16, 18, 13, 14, 12, 19, 123),
(173, 173, 10, 14, 10, 11, 11, 12, 15, 13),
(174, 174, 11, 17, 14, 19, 14, 16, 15, 162),
(175, 175, 13, 18, 14, 11, 13, 12, 18, 71),
(176, 176, 15, 20, 16, 18, 15, 18, 15, 225),
(177, 177, 14, 19, 15, 12, 14, 13, 16, 162),
(178, 178, 11, 15, 14, 16, 21, 20, 16, 143),
(179, 179, 9, 14, 10, 17, 13, 12, 12, 45),
(180, 180, 12, 18, 16, 17, 21, 22, 17, 262),
(181, 181, 10, 14, 12, 13, 17, 18, 16, 71),
(182, 182, 14, 21, 16, 12, 14, 13, 17, 150),
(183, 183, 10, 12, 13, 12, 15, 11, 11, 27),
(184, 184, 1, 12, 11, 14, 15, 18, 11, 22),
(185, 185, 14, 11, 14, 11, 10, 9, 16, 26),
(186, 186, 20, 5, 19, 15, 14, 13, 21, 119),
(187, 187, 17, 7, 12, 5, 5, 5, 17, 33),
(188, 188, 14, 11, 14, 11, 10, 9, 16, 26),
(189, 189, 11, 17, 14, 15, 10, 12, 14, 39),
(190, 190, 18, 7, 12, 5, 5, 5, 15, 38),
(191, 191, 11, 16, 10, 11, 10, 12, 14, 18),
(192, 192, 18, 11, 14, 11, 10, 9, 18, 39),
(193, 193, 18, 11, 17, 12, 12, 14, 20, 75),
(194, 194, 16, 11, 14, 11, 10, 9, 18, 26),
(195, 195, 11, 13, 12, 6, 10, 7, 15, 11),
(196, 196, 5, 14, 10, 9, 11, 10, 12, 17),
(197, 197, 6, 19, 16, 16, 15, 14, 14, 37),
(198, 198, 6, 15, 10, 2, 14, 7, 12, 3),
(199, 199, 20, 8, 20, 5, 10, 5, 17, 126),
(200, 200, 18, 10, 17, 8, 10, 10, 18, 127),
(201, 201, 22, 12, 24, 16, 15, 16, 17, 200),
(202, 202, 7, 8, 9, 14, 19, 16, 9, 63),
(203, 203, 15, 10, 20, 21, 19, 24, 10, 210),
(204, 204, 15, 16, 21, 22, 13, 18, 16, 115),
(205, 205, 23, 28, 23, 2, 21, 18, 19, 264),
(206, 206, 22, 9, 17, 3, 11, 6, 12, 76),
(207, 207, 16, 10, 12, 2, 10, 6, 10, 13),
(208, 208, 30, 21, 30, 21, 22, 27, 22, 313),
(209, 209, 9, 14, 11, 17, 12, 11, 12, 40),
(210, 210, 18, 16, 18, 14, 14, 18, 18, 153),
(211, 211, 14, 15, 13, 7, 12, 8, 13, 44),
(212, 212, 21, 8, 17, 6, 10, 8, 12, 85),
(213, 213, 9, 14, 12, 17, 12, 11, 12, 66),
(214, 214, 3, 20, 13, 14, 12, 16, 15, 14),
(215, 215, 15, 16, 14, 2, 10, 3, 14, 30),
(216, 216, 10, 17, 16, 6, 10, 7, 13, 102),
(217, 217, 13, 18, 15, 9, 10, 10, 18, 123),
(218, 218, 25, 9, 23, 10, 14, 13, 18, 162),
(219, 219, 27, 9, 23, 8, 10, 11, 21, 187),
(220, 220, 12, 14, 11, 7, 10, 8, 14, 22),
(221, 221, 13, 11, 12, 9, 11, 14, 10, 33),
(222, 222, 10, 13, 12, 7, 11, 8, 16, 22),
(223, 223, 17, 5, 20, 3, 10, 5, 16, 52),
(224, 224, 1, 17, 14, 16, 10, 11, 13, 40),
(225, 225, 19, 9, 18, 6, 10, 5, 9, 93),
(226, 226, 20, 10, 19, 11, 13, 12, 16, 127),
(227, 227, 6, 15, 10, 14, 14, 11, 12, 7),
(228, 228, 4, 18, 11, 2, 12, 5, 14, 5),
(229, 229, 12, 15, 11, 1, 5, 1, 17, 17),
(230, 230, 23, 10, 20, 9, 14, 6, 14, 149),
(231, 231, 29, 12, 25, 26, 24, 26, 18, 337),
(232, 232, 1, 13, 8, 1, 8, 3, 11, 1),
(233, 233, 23, 13, 20, 2, 12, 5, 14, 184),
(234, 234, 23, 9, 21, 9, 10, 12, 15, 138),
(235, 235, 25, 9, 24, 9, 10, 12, 15, 189),
(236, 236, 20, 12, 18, 7, 11, 7, 17, 168),
(237, 237, 20, 14, 20, 11, 12, 11, 16, 85),
(238, 238, 15, 11, 16, 6, 11, 7, 15, 52),
(239, 239, 5, 1, 3, 1, 1, 1, 5, 1),
(240, 240, 10, 14, 16, 15, 15, 13, 15, 67),
(241, 241, 3, 17, 14, 3, 10, 7, 13, 13),
(242, 242, 14, 3, 20, 1, 6, 1, 6, 84),
(243, 243, 29, 17, 22, 19, 16, 23, 19, 300),
(244, 244, 16, 17, 10, 11, 10, 8, 13, 36),
(245, 245, 7, 13, 10, 10, 12, 17, 11, 45),
(246, 246, 13, 15, 10, 7, 10, 6, 12, 22),
(247, 247, 23, 14, 18, 7, 12, 7, 12, 157),
(248, 248, 13, 10, 15, 2, 12, 5, 10, 13),
(249, 249, 15, 16, 11, 2, 12, 6, 13, 22),
(250, 250, 17, 10, 16, 2, 7, 5, 12, 42),
(251, 251, 5, 14, 12, 1, 7, 3, 13, 4),
(252, 252, 19, 14, 12, 1, 10, 3, 12, 60),
(253, 253, 13, 15, 11, 1, 9, 3, 15, 13),
(254, 254, 21, 9, 17, 2, 10, 7, 14, 85),
(255, 255, 16, 17, 13, 8, 14, 10, 13, 26),
(256, 256, 19, 16, 14, 7, 14, 10, 14, 42),
(257, 257, 8, 10, 12, 1, 7, 3, 13, 4),
(258, 258, 12, 13, 11, 2, 10, 3, 11, 18),
(259, 259, 17, 11, 12, 3, 12, 6, 11, 19),
(260, 260, 16, 14, 14, 2, 12, 7, 12, 45),
(261, 261, 15, 12, 13, 2, 10, 5, 12, 19),
(262, 262, 17, 13, 13, 4, 10, 4, 11, 52),
(263, 263, 13, 15, 12, 8, 13, 10, 12, 19),
(264, 264, 10, 18, 13, 2, 10, 3, 14, 11),
(265, 265, 7, 15, 11, 2, 10, 4, 12, 7),
(266, 266, 15, 13, 15, 1, 9, 3, 15, 52),
(267, 267, 12, 15, 11, 2, 12, 5, 13, 16),
(268, 268, 23, 11, 21, 1, 10, 5, 13, 126),
(269, 269, 14, 16, 12, 2, 11, 4, 14, 26),
(270, 270, 18, 13, 14, 4, 12, 6, 14, 22),
(271, 271, 15, 13, 13, 2, 10, 3, 11, 39),
(272, 272, 15, 10, 15, 6, 12, 7, 10, 22),
(273, 273, 10, 14, 10, 1, 10, 3, 12, 13),
(274, 274, 11, 16, 10, 4, 12, 5, 13, 9),
(275, 275, 12, 16, 13, 3, 12, 4, 13, 11),
(276, 276, 10, 8, 16, 3, 10, 6, 9, 67),
(277, 277, 18, 14, 17, 11, 12, 12, 16, 60),
(278, 278, 18, 16, 16, 5, 12, 7, 13, 59),
(279, 279, 17, 15, 14, 16, 15, 16, 17, 123),
(280, 280, 18, 16, 17, 16, 15, 17, 18, 180),
(281, 281, 16, 14, 15, 14, 14, 15, 18, 91),
(282, 282, 19, 17, 18, 16, 16, 18, 18, 187),
(283, 283, 15, 14, 12, 13, 13, 10, 17, 46),
(284, 284, 16, 21, 18, 18, 20, 14, 20, 144),
(285, 285, 14, 19, 16, 17, 19, 13, 18, 112),
(286, 286, 12, 15, 12, 13, 14, 10, 14, 38),
(287, 287, 13, 18, 15, 16, 17, 12, 17, 84),
(288, 288, 20, 15, 21, 19, 17, 16, 17, 157),
(289, 289, 18, 15, 16, 10, 12, 15, 16, 112),
(290, 290, 11, 18, 14, 15, 12, 18, 14, 104),
(291, 291, 14, 12, 11, 6, 10, 7, 15, 22),
(292, 292, 17, 15, 15, 10, 11, 13, 14, 65),
(293, 293, 12, 14, 12, 8, 10, 8, 14, 22),
(294, 294, 14, 14, 12, 8, 12, 8, 13, 22),
(295, 295, 16, 14, 13, 8, 11, 9, 15, 49),
(296, 296, 14, 8, 12, 5, 5, 5, 12, 11),
(297, 297, 15, 14, 14, 12, 10, 9, 15, 16),
(298, 298, 12, 10, 11, 2, 10, 5, 10, 4),
(299, 299, 8, 14, 10, 10, 8, 8, 15, 7),
(300, 300, 10, 14, 10, 10, 8, 10, 17, 21),
(301, 301, 27, 14, 25, 16, 15, 24, 19, 256),
(302, 302, 30, 14, 29, 18, 17, 28, 22, 546),
(303, 303, 19, 14, 17, 14, 11, 16, 17, 60),
(304, 304, 23, 14, 21, 16, 13, 20, 18, 178),
(305, 305, 20, 11, 18, 2, 12, 7, 19, 114),
(306, 306, 25, 11, 25, 6, 13, 14, 19, 310),
(307, 307, 12, 6, 16, 1, 6, 2, 8, 22),
(308, 308, 19, 13, 20, 3, 6, 8, 19, 189),
(309, 309, 17, 17, 16, 13, 8, 14, 18, 127),
(310, 310, 22, 15, 21, 23, 21, 26, 20, 346),
(311, 311, 12, 17, 16, 17, 12, 19, 18, 187),
(312, 312, 23, 12, 21, 18, 15, 17, 19, 207),
(313, 313, 27, 12, 25, 20, 17, 19, 21, 385),
(314, 314, 15, 12, 13, 14, 11, 13, 17, 38),
(315, 315, 19, 12, 17, 16, 13, 15, 18, 136),
(316, 316, 18, 12, 16, 13, 14, 14, 17, 82),
(317, 317, 18, 15, 16, 11, 8, 12, 16, 127),
(318, 318, 15, 14, 13, 12, 11, 9, 12, 55),
(319, 319, 14, 14, 11, 3, 14, 5, 14, 27),
(320, 320, 18, 16, 15, 4, 14, 9, 18, 75),
(321, 321, 18, 15, 16, 2, 13, 8, 12, 59),
(322, 322, 16, 12, 12, 9, 8, 6, 11, 11),
(323, 323, 7, 14, 15, 10, 11, 10, 12, 11),
(324, 324, 7, 16, 15, 10, 11, 12, 13, 49),
(325, 325, 7, 16, 15, 10, 15, 11, 13, 27),
(326, 326, 13, 12, 12, 10, 11, 10, 16, 11),
(327, 327, 16, 11, 16, 4, 10, 7, 14, 52),
(328, 328, 19, 18, 16, 16, 19, 18, 18, 127),
(329, 329, 18, 15, 16, 18, 18, 18, 17, 136),
(330, 330, 15, 10, 13, 2, 10, 5, 11, 19),
(331, 331, 17, 10, 14, 7, 9, 10, 12, 30),
(332, 332, 16, 13, 14, 10, 11, 10, 18, 65),
(333, 333, 12, 13, 12, 7, 10, 13, 11, 38),
(334, 334, 5, 16, 8, 2, 14, 6, 13, 11),
(335, 335, 17, 12, 14, 6, 13, 6, 15, 45),
(336, 336, 20, 16, 24, 2, 10, 1, 18, 216),
(337, 337, 18, 13, 16, 10, 10, 10, 20, 60),
(338, 338, 19, 17, 20, 5, 12, 13, 16, 136),
(339, 339, 21, 8, 19, 5, 9, 6, 13, 105),
(340, 340, 17, 13, 13, 2, 12, 8, 11, 19),
(341, 341, 13, 12, 12, 10, 10, 9, 18, 11),
(342, 342, 15, 14, 14, 12, 10, 13, 17, 39),
(343, 343, 13, 12, 14, 16, 13, 11, 13, 45),
(344, 344, 14, 16, 15, 14, 15, 11, 15, 32),
(345, 345, 16, 14, 16, 14, 11, 15, 20, 97),
(346, 346, 4, 15, 11, 10, 10, 7, 13, 5),
(347, 347, 18, 10, 15, 6, 12, 7, 15, 75),
(348, 348, 22, 17, 21, 12, 16, 17, 18, 178),
(349, 349, 17, 16, 15, 5, 20, 6, 16, 90),
(350, 350, 18, 13, 15, 1, 10, 4, 12, 45),
(351, 351, 27, 15, 25, 23, 19, 25, 19, 200),
(352, 352, 20, 12, 20, 2, 10, 7, 15, 172),
(353, 353, 12, 21, 16, 19, 10, 14, 15, 135),
(354, 354, 11, 13, 12, 2, 12, 5, 11, 5),
(355, 355, 21, 14, 18, 18, 15, 18, 18, 180),
(356, 356, 7, 13, 10, 9, 11, 12, 11, 21),
(357, 357, 9, 14, 13, 16, 11, 12, 12, 38),
(358, 358, 6, 17, 13, 11, 12, 14, 13, 10),
(359, 359, 6, 14, 13, 12, 11, 10, 12, 21),
(360, 360, 16, 19, 14, 10, 15, 11, 14, 104),
(361, 361, 12, 16, 14, 3, 10, 1, 13, 45),
(362, 362, 24, 9, 20, 3, 11, 1, 20, 210),
(363, 363, 8, 15, 11, 3, 12, 6, 12, 3),
(364, 364, 11, 15, 11, 13, 11, 10, 12, 18),
(365, 365, 24, 10, 23, 20, 20, 16, 18, 350),
(366, 366, 10, 16, 10, 11, 10, 10, 13, 13),
(367, 367, 21, 16, 16, 19, 20, 20, 20, 152),
(368, 368, 19, 10, 13, 3, 12, 7, 12, 90),
(369, 369, 16, 11, 14, 11, 11, 15, 18, 52),
(370, 370, 7, 15, 9, 8, 7, 8, 12, 5),
(371, 371, 12, 15, 14, 8, 9, 10, 15, 44),
(372, 372, 7, 15, 12, 8, 7, 8, 12, 13),
(373, 373, 7, 15, 14, 10, 9, 14, 15, 27),
(374, 374, 23, 14, 20, 10, 15, 9, 17, 102),
(375, 375, 30, 11, 25, 22, 18, 20, 18, 472),
(376, 376, 12, 10, 16, 10, 15, 14, 10, 75),
(377, 377, 19, 16, 17, 10, 14, 10, 20, 102),
(378, 378, 13, 10, 11, 11, 10, 8, 13, 18),
(379, 379, 16, 14, 16, 13, 16, 14, 13, 97),
(380, 380, 14, 10, 14, 12, 14, 11, 11, 65),
(381, 381, 16, 13, 15, 14, 15, 16, 13, 97),
(382, 382, 10, 5, 11, 1, 11, 3, 7, 13),
(383, 383, 18, 14, 15, 9, 12, 6, 14, 67),
(384, 384, 30, 24, 30, 2, 18, 17, 17, 328),
(385, 385, 11, 16, 16, 20, 14, 16, 17, 135),
(386, 386, 17, 15, 13, 3, 12, 8, 12, 26),
(387, 387, 2, 11, 10, 1, 8, 3, 10, 2),
(388, 388, 17, 12, 15, 11, 11, 15, 15, 78),
(389, 389, 15, 10, 13, 7, 12, 7, 15, 22),
(390, 390, 15, 10, 13, 10, 15, 8, 13, 27),
(391, 391, 9, 14, 11, 17, 12, 11, 12, 40),
(392, 392, 8, 12, 12, 7, 10, 10, 11, 22),
(393, 393, 7, 15, 12, 8, 11, 10, 14, 9),
(394, 394, 15, 12, 14, 2, 10, 3, 12, 13),
(395, 395, 24, 9, 21, 3, 11, 6, 13, 126),
(396, 396, 10, 9, 13, 3, 8, 4, 9, 9),
(397, 397, 17, 16, 17, 7, 12, 8, 14, 68),
(398, 398, 22, 12, 26, 18, 17, 18, 17, 229),
(399, 399, 18, 20, 20, 18, 16, 20, 18, 189),
(400, 400, 11, 17, 13, 11, 16, 10, 16, 60),
(401, 401, 28, 12, 26, 19, 15, 18, 22, 432),
(402, 402, 11, 18, 14, 11, 11, 12, 16, 84),
(403, 403, 13, 14, 12, 3, 12, 7, 12, 5),
(404, 404, 14, 17, 12, 11, 12, 15, 15, 88),
(405, 405, 14, 8, 13, 5, 8, 5, 13, 33),
(406, 406, 8, 17, 9, 14, 13, 10, 13, 35),
(407, 407, 10, 15, 16, 12, 13, 15, 15, 127),
(408, 408, 7, 15, 12, 11, 10, 8, 15, 31),
(409, 409, 10, 13, 12, 11, 11, 12, 11, 11),
(410, 410, 18, 14, 17, 6, 12, 8, 16, 45),
(411, 411, 8, 17, 10, 17, 14, 11, 13, 40),
(412, 412, 18, 10, 15, 8, 10, 9, 13, 45),
(413, 413, 18, 11, 16, 7, 10, 11, 18, 75),
(414, 414, 17, 12, 15, 5, 13, 8, 12, 58),
(415, 415, 11, 12, 12, 19, 17, 17, 15, 71),
(416, 416, 10, 14, 14, 15, 15, 10, 15, 75),
(417, 417, 18, 11, 16, 6, 16, 9, 14, 76),
(418, 418, 18, 11, 15, 6, 8, 5, 12, 67),
(419, 419, 26, 19, 22, 21, 18, 23, 19, 253),
(420, 420, 28, 22, 25, 21, 24, 24, 19, 216),
(421, 421, 1, 13, 12, 4, 10, 5, 15, 5),
(422, 422, 14, 14, 14, 20, 15, 13, 17, 130),
(423, 423, 21, 10, 18, 5, 7, 5, 14, 105),
(424, 424, 8, 12, 12, 9, 11, 7, 11, 27),
(425, 425, 14, 10, 13, 2, 10, 5, 10, 11),
(426, 426, 16, 8, 15, 6, 10, 12, 11, 58),
(427, 427, 18, 10, 17, 11, 18, 16, 17, 97),
(428, 428, 10, 10, 12, 10, 13, 7, 12, 22),
(429, 429, 12, 10, 14, 13, 15, 10, 13, 60),
(430, 430, 8, 10, 10, 8, 11, 5, 10, 7),
(431, 431, 22, 14, 21, 14, 15, 17, 18, 190),
(432, 432, 9, 15, 12, 23, 18, 21, 19, 187),
(433, 433, 21, 10, 22, 19, 12, 15, 18, 184),
(434, 434, 20, 10, 17, 16, 14, 19, 20, 112),
(435, 435, 9, 14, 12, 17, 12, 11, 12, 66),
(436, 436, 12, 12, 13, 4, 8, 3, 12, 11),
(437, 437, 6, 16, 14, 13, 12, 15, 15, 33),
(438, 438, 3, 13, 10, 6, 10, 9, 11, 7),
(439, 439, 6, 16, 14, 16, 12, 18, 15, 71),
(440, 440, 27, 7, 21, 3, 16, 12, 16, 325),
(441, 441, 18, 15, 16, 16, 14, 16, 17, 112),
(442, 442, 18, 15, 16, 10, 13, 15, 13, 68),
(443, 443, 22, 19, 24, 6, 9, 8, 14, 297),
(444, 444, 8, 14, 10, 10, 8, 15, 13, 7),
(445, 445, 11, 12, 11, 12, 14, 16, 15, 9),
(446, 446, 14, 16, 16, 13, 10, 8, 15, 45),
(447, 447, 16, 11, 13, 3, 8, 1, 13, 11),
(448, 448, 20, 11, 19, 12, 10, 15, 18, 123),
(449, 449, 12, 18, 15, 3, 10, 1, 16, 58),
(450, 450, 8, 16, 15, 14, 11, 10, 13, 18),
(451, 451, 15, 6, 14, 2, 6, 1, 8, 45),
(452, 452, 4, 15, 11, 3, 10, 4, 12, 3),
(453, 453, 19, 8, 16, 5, 7, 7, 11, 59),
(454, 454, 19, 8, 16, 5, 7, 7, 14, 59),
(455, 455, 19, 12, 16, 5, 7, 7, 13, 59),
(456, 456, 19, 8, 16, 5, 7, 7, 11, 59),
(457, 457, 19, 8, 16, 5, 7, 7, 13, 59),
(458, 458, 19, 6, 18, 3, 6, 5, 8, 85),
(459, 459, 19, 17, 18, 17, 16, 19, 17, 126),
(460, 460, 19, 11, 16, 14, 12, 15, 16, 110),
(461, 461, 16, 12, 16, 7, 11, 10, 13, 15),
(462, 462, 17, 11, 17, 10, 12, 14, 18, 60),
(463, 463, 14, 15, 16, 10, 15, 11, 14, 45),
(464, 464, 16, 12, 16, 9, 13, 12, 16, 45),
(465, 465, 12, 11, 16, 11, 14, 9, 12, 30),
(466, 466, 15, 8, 16, 7, 11, 7, 9, 30),
(467, 467, 11, 16, 15, 9, 11, 9, 15, 52),
(468, 468, 18, 12, 18, 11, 11, 16, 16, 93),
(469, 469, 27, 14, 25, 20, 20, 25, 17, 405),
(470, 470, 18, 12, 18, 12, 11, 12, 18, 42),
(471, 471, 22, 16, 21, 15, 15, 16, 17, 105),
(472, 472, 16, 11, 19, 6, 13, 6, 14, 114),
(473, 473, 3, 13, 8, 2, 12, 7, 11, 1),
(474, 474, 20, 12, 17, 3, 12, 7, 13, 59),
(475, 475, 14, 15, 10, 3, 14, 7, 12, 13),
(476, 476, 18, 15, 16, 10, 15, 13, 12, 59),
(477, 477, 15, 14, 12, 10, 10, 13, 16, 32),
(478, 478, 16, 12, 13, 9, 12, 10, 13, 33),
(479, 479, 15, 15, 12, 6, 10, 6, 13, 32),
(480, 480, 19, 26, 25, 2, 21, 18, 16, 175),
(481, 481, 10, 13, 16, 1, 7, 3, 15, 22),
(482, 482, 26, 14, 24, 22, 18, 24, 19, 300),
(483, 483, 2, 20, 8, 10, 14, 15, 15, 1),
(484, 484, 24, 20, 24, 19, 22, 25, 19, 200),
(485, 485, 18, 15, 16, 2, 12, 5, 13, 68),
(486, 486, 2, 16, 11, 1, 10, 3, 13, 2),
(487, 487, 20, 10, 16, 2, 13, 7, 12, 42),
(488, 488, 15, 10, 13, 2, 11, 7, 10, 11),
(489, 489, 10, 10, 12, 13, 16, 13, 13, 27),
(490, 490, 6, 15, 13, 10, 12, 10, 13, 7),
(491, 491, 12, 15, 10, 2, 9, 5, 13, 13),
(492, 492, 28, 7, 22, 1, 8, 4, 18, 247),
(493, 493, 12, 14, 12, 10, 10, 11, 16, 22),
(494, 494, 17, 12, 16, 6, 12, 7, 13, 45),
(495, 495, 17, 12, 16, 2, 6, 1, 13, 45),
(496, 496, 5, 17, 10, 7, 10, 10, 13, 7),
(497, 497, 15, 13, 13, 2, 10, 5, 13, 30),
(498, 498, 4, 23, 13, 10, 12, 7, 16, 10),
(499, 499, 2, 16, 9, 1, 7, 2, 13, 1),
(500, 500, 14, 17, 18, 13, 16, 20, 16, 110),
(501, 501, 2, 11, 9, 2, 10, 4, 10, 1),
(502, 502, 2, 14, 8, 2, 12, 6, 12, 1),
(503, 503, 23, 16, 19, 14, 15, 19, 22, 255),
(504, 504, 27, 10, 25, 16, 13, 21, 19, 256),
(505, 505, 30, 10, 29, 18, 15, 23, 22, 546),
(506, 506, 19, 10, 17, 12, 11, 15, 17, 75),
(507, 507, 23, 10, 21, 14, 11, 19, 18, 178),
(508, 508, 16, 12, 16, 6, 6, 7, 14, 93),
(509, 509, 18, 13, 18, 10, 12, 9, 13, 45),
(510, 510, 14, 13, 13, 1, 10, 4, 12, 22),
(511, 511, 24, 13, 21, 4, 10, 5, 17, 195),
(512, 512, 22, 16, 20, 3, 11, 4, 19, 210),
(513, 513, 18, 14, 18, 13, 16, 18, 13, 136),
(514, 514, 21, 8, 15, 2, 12, 6, 11, 45),
(515, 515, 16, 10, 12, 2, 11, 7, 10, 13),
(516, 516, 28, 10, 20, 3, 10, 9, 15, 248),
(517, 517, 18, 8, 17, 7, 16, 6, 20, 93),
(518, 518, 18, 13, 22, 5, 8, 4, 16, 138),
(519, 519, 17, 14, 10, 1, 3, 1, 12, 33),
(520, 520, 13, 12, 13, 2, 13, 6, 14, 27),
(521, 521, 14, 15, 17, 5, 12, 6, 12, 37),
(522, 522, 18, 14, 15, 3, 12, 8, 12, 52),
(523, 523, 19, 8, 19, 14, 19, 16, 19, 95),
(524, 524, 13, 11, 12, 12, 13, 9, 12, 22),
(525, 525, 19, 15, 16, 14, 13, 17, 16, 76),
(526, 526, 13, 11, 12, 12, 14, 13, 12, 33),
(527, 527, 18, 14, 15, 11, 10, 12, 15, 90),
(528, 528, 12, 16, 11, 12, 10, 14, 14, 31),
(529, 529, 11, 13, 11, 10, 10, 13, 11, 36),
(530, 530, 2, 11, 8, 1, 8, 2, 11, 1),
(531, 531, 11, 14, 12, 11, 13, 11, 13, 16),
(532, 532, 16, 13, 16, 12, 12, 13, 14, 52),
(533, 533, 1, 12, 8, 1, 10, 2, 11, 1),
(534, 534, 15, 8, 15, 6, 10, 8, 11, 32),
(535, 535, 6, 14, 13, 6, 10, 8, 12, 16),
(536, 536, 12, 16, 13, 11, 12, 12, 15, 71),
(537, 537, 1, 17, 12, 14, 13, 14, 13, 66),
(538, 538, 23, 10, 21, 14, 11, 19, 18, 178),
(539, 539, 16, 14, 13, 5, 12, 5, 12, 33),
(540, 540, 18, 8, 16, 5, 10, 5, 15, 136),
(541, 541, 18, 8, 18, 7, 1, 0, 17, 142),
(542, 542, 18, 13, 17, 7, 14, 9, 14, 110),
(543, 543, 1, 1, 10, 1, 10, 3, 5, 13),
(544, 544, 10, 3, 23, 25, 24, 25, 19, 150),
(545, 545, 27, 10, 25, 16, 13, 21, 19, 243),
(546, 546, 30, 10, 29, 18, 15, 23, 22, 487),
(547, 547, 19, 10, 17, 12, 11, 15, 17, 45),
(548, 548, 23, 10, 21, 14, 11, 19, 18, 168),
(549, 549, 10, 14, 15, 6, 8, 5, 13, 13),
(550, 550, 6, 19, 10, 10, 7, 1, 14, 18),
(551, 551, 14, 16, 17, 16, 15, 21, 18, 105),
(552, 552, 7, 15, 10, 3, 5, 3, 12, 10),
(553, 553, 16, 19, 15, 10, 14, 11, 14, 32),
(554, 554, 6, 14, 12, 10, 10, 11, 12, 22),
(555, 555, 26, 22, 26, 25, 25, 30, 21, 243),
(556, 556, 8, 17, 14, 19, 15, 13, 15, 123),
(557, 557, 16, 11, 18, 5, 7, 3, 10, 76),
(558, 558, 8, 14, 14, 13, 14, 11, 14, 39),
(559, 559, 1, 14, 11, 10, 10, 11, 12, 22),
(560, 560, 2, 14, 8, 1, 10, 2, 12, 1),
(561, 561, 10, 15, 12, 11, 14, 8, 15, 110),
(562, 562, 18, 17, 14, 16, 15, 16, 15, 75),
(563, 563, 1, 17, 13, 8, 9, 16, 17, 97),
(564, 564, 14, 16, 16, 18, 11, 18, 19, 127),
(565, 565, 3, 18, 10, 14, 13, 11, 15, 2),
(566, 566, 10, 15, 10, 12, 14, 16, 12, 27),
(567, 567, 6, 13, 10, 9, 11, 6, 11, 17),
(568, 568, 20, 8, 21, 7, 12, 9, 16, 136),
(569, 569, 17, 12, 23, 18, 12, 16, 16, 168),
(570, 570, 8, 18, 12, 11, 12, 7, 14, 71),
(571, 571, 14, 12, 18, 22, 19, 16, 17, 153),
(572, 572, 5, 11, 10, 11, 10, 12, 10, 21),
(573, 573, 24, 17, 22, 4, 14, 6, 20, 207),
(574, 574, 20, 9, 17, 2, 11, 5, 13, 76),
(575, 575, 4, 16, 11, 2, 8, 6, 14, 2),
(576, 576, 18, 5, 14, 5, 8, 7, 17, 19),
(577, 577, 19, 10, 17, 3, 10, 1, 16, 52),
(578, 578, 23, 15, 20, 10, 12, 9, 17, 126),
(579, 579, 23, 14, 21, 10, 8, 12, 18, 161),
(580, 580, 22, 9, 20, 3, 11, 1, 17, 178),
(581, 581, 29, 14, 20, 16, 18, 18, 16, 230),
(582, 582, 29, 14, 20, 17, 20, 19, 12, 230),
(583, 583, 8, 17, 13, 15, 12, 20, 15, 66),
(584, 584, 19, 21, 16, 14, 12, 18, 19, 127),
(585, 585, 5, 15, 10, 2, 12, 4, 12, 22),
(586, 586, 9, 14, 10, 15, 11, 14, 12, 36),
(587, 587, 3, 13, 10, 1, 7, 1, 12, 22),
(588, 588, 8, 18, 11, 1, 10, 3, 14, 36),
(589, 589, 13, 16, 9, 1, 7, 2, 13, 28),
(590, 590, 9, 11, 9, 2, 10, 3, 10, 24),
(591, 591, 6, 14, 8, 3, 12, 6, 12, 24),
(592, 592, 2, 7, 10, 1, 2, 1, 8, 22),
(593, 593, 12, 18, 12, 14, 11, 15, 17, 66),
(594, 594, 18, 14, 18, 11, 12, 14, 18, 127),
(595, 595, 18, 12, 17, 6, 9, 10, 16, 45),
(596, 596, 18, 13, 20, 9, 9, 9, 14, 95),
(597, 597, 30, 11, 30, 3, 11, 11, 25, 676),
(598, 598, 17, 10, 19, 8, 13, 6, 18, 255),
(599, 599, 19, 10, 17, 6, 11, 6, 17, 225),
(600, 600, 16, 12, 17, 6, 11, 6, 16, 112),
(601, 601, 17, 12, 15, 6, 7, 5, 15, 78),
(602, 602, 7, 12, 9, 5, 6, 5, 15, 10),
(603, 603, 13, 12, 13, 2, 10, 6, 14, 27),
(604, 604, 12, 15, 13, 8, 12, 7, 15, 33),
(605, 605, 15, 11, 14, 10, 10, 11, 11, 32),
(606, 606, 17, 15, 14, 3, 12, 8, 12, 37),
(607, 607, 19, 22, 17, 24, 22, 26, 20, 127),
(608, 608, 16, 13, 16, 8, 12, 8, 15, 85),
(609, 609, 15, 10, 12, 11, 13, 12, 17, 22),
(610, 610, 14, 10, 12, 11, 15, 12, 17, 33),
(611, 611, 9, 14, 11, 17, 12, 11, 12, 40),
(612, 612, 17, 10, 17, 2, 13, 4, 13, 85),
(613, 613, 23, 8, 21, 12, 16, 12, 16, 138),
(614, 614, 13, 11, 12, 8, 11, 8, 12, 11),
(615, 615, 22, 9, 17, 2, 11, 5, 13, 95),
(616, 616, 12, 13, 12, 9, 10, 9, 15, 16),
(617, 617, 14, 10, 14, 6, 10, 6, 11, 13),
(618, 618, 18, 13, 20, 7, 9, 7, 15, 84),
(619, 619, 6, 13, 12, 4, 8, 3, 13, 4),
(620, 620, 25, 10, 19, 2, 12, 9, 13, 136),
(621, 621, 15, 12, 15, 21, 19, 21, 15, 127),
(622, 622, 16, 16, 18, 18, 15, 19, 19, 153),
(623, 623, 20, 13, 16, 9, 10, 10, 18, 93),
(624, 624, 18, 14, 15, 11, 17, 16, 12, 67),
(625, 625, 18, 18, 18, 17, 15, 18, 16, 144),
(626, 626, 16, 16, 16, 11, 10, 12, 15, 82),
(627, 627, 6, 16, 16, 6, 12, 7, 13, 30),
(628, 628, 6, 14, 14, 4, 7, 2, 12, 13),
(629, 629, 7, 14, 13, 6, 11, 7, 13, 9),
(630, 630, 14, 14, 14, 7, 12, 9, 14, 33),
(631, 631, 6, 14, 13, 4, 12, 6, 13, 10),
(632, 632, 18, 13, 20, 7, 9, 7, 15, 94),
(633, 633, 16, 13, 14, 10, 11, 10, 17, 58),
(634, 634, 15, 8, 14, 5, 10, 3, 12, 26),
(635, 635, 3, 1, 10, 1, 3, 1, 5, 18),
(636, 636, 17, 15, 18, 8, 13, 8, 15, 104),
(637, 637, 7, 10, 13, 2, 12, 4, 10, 5),
(638, 638, 16, 10, 14, 11, 17, 13, 18, 117),
(639, 639, 18, 12, 13, 2, 12, 7, 11, 19),
(640, 640, 18, 12, 15, 2, 8, 5, 13, 22),
(641, 641, 9, 13, 11, 11, 12, 18, 11, 49),
(642, 642, 10, 14, 15, 12, 12, 18, 12, 78),
(643, 643, 9, 14, 15, 12, 12, 18, 12, 91),
(644, 644, 20, 16, 18, 12, 12, 18, 18, 227),
(645, 645, 19, 18, 21, 19, 12, 14, 18, 157),
(646, 646, 18, 14, 18, 5, 10, 8, 14, 114),
(647, 647, 18, 14, 15, 8, 10, 10, 18, 127),
(648, 648, 17, 16, 13, 11, 10, 10, 13, 58),
(649, 649, 3, 16, 8, 2, 12, 3, 13, 1),
(650, 650, 19, 10, 17, 11, 12, 12, 11, 135),
(651, 651, 17, 10, 15, 10, 11, 8, 11, 78),
(652, 652, 10, 15, 12, 11, 10, 8, 12, 35),
(653, 653, 17, 15, 16, 10, 13, 11, 12, 120),
(654, 654, 15, 13, 14, 10, 11, 10, 12, 58),
(655, 655, 16, 11, 18, 11, 12, 13, 15, 68),
(656, 656, 22, 10, 22, 8, 12, 12, 18, 200),
(657, 657, 26, 10, 26, 10, 13, 14, 20, 333),
(658, 658, 14, 10, 14, 5, 10, 11, 16, 32),
(659, 659, 18, 10, 18, 6, 11, 12, 14, 135),
(660, 660, 15, 14, 16, 10, 13, 15, 14, 45),
(661, 661, 1, 28, 10, 13, 14, 11, 19, 22),
(662, 662, 7, 16, 9, 8, 7, 8, 13, 7),
(663, 663, 11, 10, 16, 18, 17, 13, 19, 127),
(664, 664, 18, 13, 14, 7, 12, 8, 13, 75),
(665, 665, 12, 15, 12, 3, 12, 6, 13, 11),
(666, 666, 18, 12, 16, 10, 13, 8, 18, 75),
(667, 667, 16, 13, 13, 7, 11, 8, 13, 26),
(668, 668, 6, 16, 16, 12, 14, 15, 13, 67),
(669, 669, 19, 1, 16, 5, 12, 6, 13, 110),
(670, 670, 17, 10, 22, 11, 10, 11, 19, 73),
(671, 671, 8, 14, 10, 8, 7, 7, 13, 7),
(672, 672, 8, 14, 12, 8, 11, 12, 12, 22),
(673, 673, 19, 14, 21, 16, 15, 18, 17, 147),
(674, 674, 29, 16, 23, 15, 24, 15, 20, 333),
(675, 675, 18, 17, 16, 5, 12, 7, 14, 51),
(676, 676, 18, 13, 16, 8, 12, 7, 12, 51),
(677, 677, 15, 14, 18, 13, 15, 15, 15, 136),
(678, 678, 13, 16, 13, 4, 10, 6, 16, 9),
(679, 679, 18, 13, 17, 3, 10, 4, 14, 93),
(680, 680, 19, 16, 17, 17, 15, 18, 15, 127),
(681, 681, 23, 13, 19, 19, 17, 20, 16, 189),
(682, 682, 15, 14, 14, 6, 11, 4, 14, 45),
(683, 683, 16, 14, 13, 14, 12, 16, 12, 66),
(684, 684, 16, 14, 13, 14, 14, 16, 14, 71),
(685, 685, 16, 14, 13, 14, 12, 16, 14, 71),
(686, 686, 16, 14, 13, 14, 12, 16, 14, 88),
(687, 687, 11, 12, 11, 13, 12, 14, 11, 40),
(688, 688, 30, 10, 30, 2, 21, 18, 21, 307),
(689, 689, 27, 24, 28, 26, 27, 30, 21, 580),
(690, 690, 13, 6, 16, 3, 6, 5, 8, 22),
(691, 691, 22, 15, 18, 20, 19, 24, 18, 304);

-- --------------------------------------------------------

--
-- Table structure for table `notes`
--

DROP TABLE IF EXISTS `notes`;
CREATE TABLE `notes` (
  `note_id` int(11) NOT NULL,
  `game_id` int(11) NOT NULL,
  `note_name` varchar(50) NOT NULL,
  `note_text` text NOT NULL,
  `note_date` timestamp NOT NULL DEFAULT CURRENT_TIMESTAMP
) ENGINE=InnoDB DEFAULT CHARSET=utf8 ROW_FORMAT=COMPACT;

--
-- Dumping data for table `notes`
--

INSERT INTO `notes` (`note_id`, `game_id`, `note_name`, `note_text`, `note_date`) VALUES
(2, 2, 'All players dead from collapse', 'Serpent tunnels collapsed, all players died, they suck at this game.', '2018-11-13 16:10:24'),
(6, 1, 'Players All Dead', 'Collapse of tunnels', '2018-12-03 18:13:48'),
(7, 1, 'Level Up', 'Remember to level up all your players before the next session!', '2018-12-03 18:14:06'),
(8, 1, 'Next Encounter', 'Try to make it a terrasque', '2018-12-03 18:14:19'),
(9, 1, 'Emile Sucks', 'He Sucks', '2018-12-03 18:14:30');

-- --------------------------------------------------------

--
-- Table structure for table `player_monsters`
--

DROP TABLE IF EXISTS `player_monsters`;
CREATE TABLE `player_monsters` (
  `monster_id` int(11) NOT NULL,
  `game_id` int(11) NOT NULL
) ENGINE=InnoDB DEFAULT CHARSET=utf8;

--
-- Dumping data for table `player_monsters`
--

INSERT INTO `player_monsters` (`monster_id`, `game_id`) VALUES
(1, 1),
(56, 2);

-- --------------------------------------------------------

--
-- Table structure for table `player_npc`
--

DROP TABLE IF EXISTS `player_npc`;
CREATE TABLE `player_npc` (
  `id` int(11) NOT NULL,
  `game_id` int(11) NOT NULL,
  `npc_name` varchar(255) NOT NULL,
  `npc_race` varchar(255) NOT NULL
) ENGINE=InnoDB DEFAULT CHARSET=utf8;

--
-- Dumping data for table `player_npc`
--

INSERT INTO `player_npc` (`id`, `game_id`, `npc_name`, `npc_race`) VALUES
(1, 1, 'John Doe', 'Human'),
(2, 2, 'Bill Clinton', 'Lizardfolk'),
(3, 1, 'Karen Owens', 'Human'),
(4, 1, 'Frances Delgado', 'Human'),
(5, 1, 'Heather Miller', 'Orc');

-- --------------------------------------------------------

--
-- Table structure for table `roster`
--

DROP TABLE IF EXISTS `roster`;
CREATE TABLE `roster` (
  `id` int(11) NOT NULL,
  `game_id` int(11) NOT NULL,
  `name` varchar(255) NOT NULL,
  `armor_class` int(11) NOT NULL,
  `passive_perception` int(11) NOT NULL,
  `initiative` int(11) NOT NULL
) ENGINE=InnoDB DEFAULT CHARSET=utf8;

--
-- Dumping data for table `roster`
--

INSERT INTO `roster` (`id`, `game_id`, `name`, `armor_class`, `passive_perception`, `initiative`) VALUES
(1, 1, 'Ro', 16, 15, 14),
(2, 2, 'Sam', 5, 2, 1),
(6, 1, 'Luna', 8, 16, 10),
(7, 1, 'Emile', 20, 20, 20),
(8, 1, 'Dandelion', 14, 15, 6),
(9, 1, 'Garrosh Withabee', 18, 18, 1),
(10, 1, 'Caeda', 12, 6, 8),
(11, 1, 'Levi', 13, 14, 5),
(12, 1, 'Gin', 17, 4, 6),
(13, 1, 'Gaskill', 16, 15, 13);

--
-- Indexes for dumped tables
--

--
-- Indexes for table `game`
--
ALTER TABLE `game`
  ADD PRIMARY KEY (`id`),
  ADD KEY `dm_id` (`dm_id`),
  ADD KEY `id` (`id`);

--
-- Indexes for table `login`
--
ALTER TABLE `login`
  ADD PRIMARY KEY (`id`),
  ADD KEY `id` (`id`);

--
-- Indexes for table `monster`
--
ALTER TABLE `monster`
  ADD PRIMARY KEY (`id`,`name`),
  ADD UNIQUE KEY `name` (`name`),
  ADD KEY `id` (`id`,`name`);

--
-- Indexes for table `monster_ability`
--
ALTER TABLE `monster_ability`
  ADD PRIMARY KEY (`id`),
  ADD KEY `id` (`id`,`monster_id`),
  ADD KEY `monster_id` (`monster_id`);

--
-- Indexes for table `monster_actions`
--
ALTER TABLE `monster_actions`
  ADD PRIMARY KEY (`id`),
  ADD KEY `id` (`id`,`monster_id`),
  ADD KEY `monster_id` (`monster_id`);

--
-- Indexes for table `monster_info`
--
ALTER TABLE `monster_info`
  ADD PRIMARY KEY (`id`),
  ADD KEY `id` (`id`,`monster_id`),
  ADD KEY `monster_id` (`monster_id`);

--
-- Indexes for table `monster_location`
--
ALTER TABLE `monster_location`
  ADD PRIMARY KEY (`monster_id`,`location`),
  ADD KEY `monster_id` (`monster_id`);

--
-- Indexes for table `monster_stats`
--
ALTER TABLE `monster_stats`
  ADD PRIMARY KEY (`id`),
  ADD UNIQUE KEY `monster_id` (`monster_id`),
  ADD KEY `id` (`id`,`monster_id`);

--
-- Indexes for table `notes`
--
ALTER TABLE `notes`
  ADD PRIMARY KEY (`note_id`),
  ADD KEY `note_id` (`note_id`),
  ADD KEY `game_id` (`game_id`);

--
-- Indexes for table `player_monsters`
--
ALTER TABLE `player_monsters`
  ADD PRIMARY KEY (`monster_id`,`game_id`),
  ADD KEY `dm_id` (`monster_id`),
  ADD KEY `monster_id` (`monster_id`),
  ADD KEY `game_id` (`game_id`);

--
-- Indexes for table `player_npc`
--
ALTER TABLE `player_npc`
  ADD PRIMARY KEY (`id`,`game_id`),
  ADD KEY `id` (`id`),
  ADD KEY `game_id` (`game_id`);

--
-- Indexes for table `roster`
--
ALTER TABLE `roster`
  ADD PRIMARY KEY (`id`),
  ADD KEY `id` (`id`),
  ADD KEY `game_id` (`game_id`);

--
-- AUTO_INCREMENT for dumped tables
--

--
-- AUTO_INCREMENT for table `game`
--
ALTER TABLE `game`
  MODIFY `id` int(11) NOT NULL AUTO_INCREMENT, AUTO_INCREMENT=5;
--
-- AUTO_INCREMENT for table `login`
--
ALTER TABLE `login`
  MODIFY `id` int(11) NOT NULL AUTO_INCREMENT, AUTO_INCREMENT=5;
--
-- AUTO_INCREMENT for table `monster`
--
ALTER TABLE `monster`
  MODIFY `id` int(11) NOT NULL AUTO_INCREMENT, AUTO_INCREMENT=692;
--
-- AUTO_INCREMENT for table `monster_ability`
--
ALTER TABLE `monster_ability`
  MODIFY `id` int(11) NOT NULL AUTO_INCREMENT, AUTO_INCREMENT=692;
--
-- AUTO_INCREMENT for table `monster_actions`
--
ALTER TABLE `monster_actions`
  MODIFY `id` int(11) NOT NULL AUTO_INCREMENT, AUTO_INCREMENT=703;
--
-- AUTO_INCREMENT for table `monster_info`
--
ALTER TABLE `monster_info`
  MODIFY `id` int(11) NOT NULL AUTO_INCREMENT, AUTO_INCREMENT=692;
--
-- AUTO_INCREMENT for table `monster_stats`
--
ALTER TABLE `monster_stats`
  MODIFY `id` int(11) NOT NULL AUTO_INCREMENT, AUTO_INCREMENT=692;
--
-- AUTO_INCREMENT for table `notes`
--
ALTER TABLE `notes`
  MODIFY `note_id` int(11) NOT NULL AUTO_INCREMENT, AUTO_INCREMENT=10;
--
-- AUTO_INCREMENT for table `player_npc`
--
ALTER TABLE `player_npc`
  MODIFY `id` int(11) NOT NULL AUTO_INCREMENT, AUTO_INCREMENT=6;
--
-- AUTO_INCREMENT for table `roster`
--
ALTER TABLE `roster`
  MODIFY `id` int(11) NOT NULL AUTO_INCREMENT, AUTO_INCREMENT=14;
--
-- Constraints for dumped tables
--

--
-- Constraints for table `game`
--
ALTER TABLE `game`
  ADD CONSTRAINT `game_ibfk_1` FOREIGN KEY (`dm_id`) REFERENCES `login` (`id`) ON DELETE CASCADE ON UPDATE CASCADE;

--
-- Constraints for table `monster_ability`
--
ALTER TABLE `monster_ability`
  ADD CONSTRAINT `monster_ability_ibfk_1` FOREIGN KEY (`monster_id`) REFERENCES `monster` (`id`) ON DELETE CASCADE ON UPDATE CASCADE;

--
-- Constraints for table `monster_actions`
--
ALTER TABLE `monster_actions`
  ADD CONSTRAINT `monster_actions_ibfk_1` FOREIGN KEY (`monster_id`) REFERENCES `monster` (`id`) ON DELETE CASCADE ON UPDATE CASCADE;

--
-- Constraints for table `monster_info`
--
ALTER TABLE `monster_info`
  ADD CONSTRAINT `monster_info_ibfk_1` FOREIGN KEY (`monster_id`) REFERENCES `monster` (`id`) ON DELETE CASCADE ON UPDATE CASCADE;

--
-- Constraints for table `monster_location`
--
ALTER TABLE `monster_location`
  ADD CONSTRAINT `monster_location_ibfk_1` FOREIGN KEY (`monster_id`) REFERENCES `monster` (`id`) ON DELETE CASCADE ON UPDATE CASCADE;

--
-- Constraints for table `monster_stats`
--
ALTER TABLE `monster_stats`
  ADD CONSTRAINT `monster_stats_ibfk_1` FOREIGN KEY (`monster_id`) REFERENCES `monster` (`id`) ON DELETE CASCADE ON UPDATE CASCADE;

--
-- Constraints for table `notes`
--
ALTER TABLE `notes`
  ADD CONSTRAINT `notes_ibfk_1` FOREIGN KEY (`game_id`) REFERENCES `game` (`id`) ON DELETE CASCADE ON UPDATE CASCADE;

--
-- Constraints for table `player_monsters`
--
ALTER TABLE `player_monsters`
  ADD CONSTRAINT `player_monsters_ibfk_2` FOREIGN KEY (`monster_id`) REFERENCES `monster` (`id`) ON DELETE CASCADE ON UPDATE CASCADE,
  ADD CONSTRAINT `player_monsters_ibfk_3` FOREIGN KEY (`game_id`) REFERENCES `game` (`id`) ON DELETE CASCADE ON UPDATE CASCADE;

--
-- Constraints for table `player_npc`
--
ALTER TABLE `player_npc`
  ADD CONSTRAINT `player_npc_ibfk_2` FOREIGN KEY (`game_id`) REFERENCES `game` (`id`) ON DELETE CASCADE ON UPDATE CASCADE;

--
-- Constraints for table `roster`
--
ALTER TABLE `roster`
  ADD CONSTRAINT `roster_ibfk_2` FOREIGN KEY (`game_id`) REFERENCES `game` (`id`) ON DELETE CASCADE ON UPDATE CASCADE;

/*!40101 SET CHARACTER_SET_CLIENT=@OLD_CHARACTER_SET_CLIENT */;
/*!40101 SET CHARACTER_SET_RESULTS=@OLD_CHARACTER_SET_RESULTS */;
/*!40101 SET COLLATION_CONNECTION=@OLD_COLLATION_CONNECTION */;
